basis,sample,series,ref_year,unweighted,weighted,n_countries,pop_coverage
filled,common,PIP,1990,0.3952120594,0.3545238094,171,0.9756186082
filled,common,PIP,1991,0.395353403,0.3541830138,171,0.9757108754
filled,common,PIP,1992,0.3953338905,0.3548946947,171,0.9755072096
filled,common,PIP,1993,0.3959766232,0.3595834099,171,0.9751027792
filled,common,PIP,1994,0.3971239141,0.3612535674,171,0.9747298923
filled,common,PIP,1995,0.3980056259,0.3644853734,171,0.9744357305
filled,common,PIP,1996,0.3981318832,0.3665480221,171,0.9741734531
filled,common,PIP,1997,0.3979819967,0.3670432245,171,0.9739393291
filled,common,PIP,1998,0.3979943403,0.3686479273,171,0.9737549575
filled,common,PIP,1999,0.3958533732,0.3701645551,171,0.9736278973
filled,common,PIP,2000,0.3950735377,0.3714446934,171,0.9735655247
filled,common,PIP,2001,0.3946702612,0.3731260988,171,0.9734907193
filled,common,PIP,2002,0.3928633322,0.3738527138,171,0.9732736033
filled,common,PIP,2003,0.3919609087,0.3732037085,171,0.9730180952
filled,common,PIP,2004,0.3917294067,0.3725203294,171,0.9728401042
filled,common,PIP,2005,0.3924370526,0.3727364938,171,0.9726625269
filled,common,PIP,2006,0.3901829521,0.3732539963,171,0.9724620672
filled,common,PIP,2007,0.387414352,0.3738977754,171,0.9723389129
filled,common,PIP,2008,0.3859557237,0.3737238416,171,0.9721989726
filled,common,PIP,2009,0.383113577,0.3725391433,171,0.9720158175
filled,common,PIP,2010,0.3813906426,0.3726519961,171,0.9718758423
filled,common,PIP,2011,0.3796311994,0.3713655017,171,0.9717408017
filled,common,PIP,2012,0.3794814175,0.3710412727,171,0.9715659076
filled,common,PIP,2013,0.3779080439,0.3655667438,171,0.9713635263
filled,common,PIP,2014,0.3772488279,0.3641263921,171,0.9711555822
filled,common,PIP,2015,0.3757270367,0.3623806703,171,0.9709639228
filled,common,PIP,2016,0.3738587896,0.3607542209,171,0.9708187294
filled,common,PIP,2017,0.371381561,0.3601830067,171,0.9707716802
filled,common,PIP,2018,0.3697690268,0.3584365648,171,0.9707880983
filled,common,PIP,2019,0.3670644777,0.3557814188,171,0.9707303103
filled,common,PIP,2020,0.3660502035,0.3501686977,171,0.9706354595
filled,common,PIP,2021,0.3640020671,0.3473076271,171,0.9705867902
filled,common,PIP,2022,0.362583061,0.3467231411,171,0.970449181
filled,common,PIP,2023,0.3618728739,0.3462720182,171,0.9702295189
filled,common,PIP,2024,0.3612655559,0.3455885117,171,0.9700520411
filled,common,PIP_consinc,1990,0.4645162161,0.4421342733,171,0.9756186082
filled,common,PIP_consinc,1991,0.4646552269,0.4417521587,171,0.9757108754
filled,common,PIP_consinc,1992,0.46404265,0.4422355418,171,0.9755072096
filled,common,PIP_consinc,1993,0.4663727988,0.4481703636,171,0.9751027792
filled,common,PIP_consinc,1994,0.4675662337,0.4500008049,171,0.9747298923
filled,common,PIP_consinc,1995,0.4694885101,0.4527829521,171,0.9744357305
filled,common,PIP_consinc,1996,0.4700342934,0.4555280167,171,0.9741734531
filled,common,PIP_consinc,1997,0.4713211853,0.4563815955,171,0.9739393291
filled,common,PIP_consinc,1998,0.474801366,0.4586116372,171,0.9737549575
filled,common,PIP_consinc,1999,0.4725829437,0.4592394629,171,0.9736278973
filled,common,PIP_consinc,2000,0.4737908922,0.461400957,171,0.9735655247
filled,common,PIP_consinc,2001,0.473420846,0.4630156963,171,0.9734907193
filled,common,PIP_consinc,2002,0.4718797759,0.4637492213,171,0.9732736033
filled,common,PIP_consinc,2003,0.4709434726,0.4631010445,171,0.9730180952
filled,common,PIP_consinc,2004,0.4706701548,0.4626158281,171,0.9728401042
filled,common,PIP_consinc,2005,0.4692713493,0.4630053323,171,0.9726625269
filled,common,PIP_consinc,2006,0.4670976181,0.463203313,171,0.9724620672
filled,common,PIP_consinc,2007,0.4663207848,0.4640678528,171,0.9723389129
filled,common,PIP_consinc,2008,0.4635659427,0.4635610788,171,0.9721989726
filled,common,PIP_consinc,2009,0.4594955695,0.4624729486,171,0.9720158175
filled,common,PIP_consinc,2010,0.4557134186,0.462399168,171,0.9718758423
filled,common,PIP_consinc,2011,0.4534365599,0.4616306245,171,0.9717408017
filled,common,PIP_consinc,2012,0.452571131,0.4611078182,171,0.9715659076
filled,common,PIP_consinc,2013,0.4510595218,0.456277481,171,0.9713635263
filled,common,PIP_consinc,2014,0.4490373312,0.454447162,171,0.9711555822
filled,common,PIP_consinc,2015,0.447726589,0.4532937966,171,0.9709639228
filled,common,PIP_consinc,2016,0.44590222,0.4518070311,171,0.9708187294
filled,common,PIP_consinc,2017,0.4429233523,0.4509957778,171,0.9707716802
filled,common,PIP_consinc,2018,0.4421355998,0.4499041775,171,0.9707880983
filled,common,PIP_consinc,2019,0.439531774,0.4477994984,171,0.9707303103
filled,common,PIP_consinc,2020,0.436623478,0.4413422503,171,0.9706354595
filled,common,PIP_consinc,2021,0.4340353863,0.4364023506,171,0.9705867902
filled,common,PIP_consinc,2022,0.4319812143,0.4355841529,171,0.970449181
filled,common,PIP_consinc,2023,0.4313497889,0.4353201106,171,0.9702295189
filled,common,PIP_consinc,2024,0.4307568602,0.434765968,171,0.9700520411
filled,common,PIP_consinc_wb,1990,0.4649035065,0.4513251559,171,0.9756186082
filled,common,PIP_consinc_wb,1991,0.4655519379,0.4508896788,171,0.9757108754
filled,common,PIP_consinc_wb,1992,0.4659123815,0.4513409144,171,0.9755072096
filled,common,PIP_consinc_wb,1993,0.4679886583,0.4566216424,171,0.9751027792
filled,common,PIP_consinc_wb,1994,0.4691557832,0.4581656388,171,0.9747298923
filled,common,PIP_consinc_wb,1995,0.4711327583,0.4610826153,171,0.9744357305
filled,common,PIP_consinc_wb,1996,0.4712662374,0.4629695073,171,0.9741734531
filled,common,PIP_consinc_wb,1997,0.4726536191,0.4633891296,171,0.9739393291
filled,common,PIP_consinc_wb,1998,0.4743530105,0.4656307696,171,0.9737549575
filled,common,PIP_consinc_wb,1999,0.473555766,0.4664890476,171,0.9736278973
filled,common,PIP_consinc_wb,2000,0.4737429127,0.4677536829,171,0.9735655247
filled,common,PIP_consinc_wb,2001,0.4730375559,0.4687759749,171,0.9734907193
filled,common,PIP_consinc_wb,2002,0.4705546835,0.4683013294,171,0.9732736033
filled,common,PIP_consinc_wb,2003,0.4691099625,0.4665882232,171,0.9730180952
filled,common,PIP_consinc_wb,2004,0.4677582271,0.4645849321,171,0.9728401042
filled,common,PIP_consinc_wb,2005,0.4668123553,0.4632837777,171,0.9726625269
filled,common,PIP_consinc_wb,2006,0.4633862417,0.4626842938,171,0.9724620672
filled,common,PIP_consinc_wb,2007,0.4614159701,0.4623723656,171,0.9723389129
filled,common,PIP_consinc_wb,2008,0.4579440532,0.4609222216,171,0.9721989726
filled,common,PIP_consinc_wb,2009,0.4539932827,0.4586856995,171,0.9720158175
filled,common,PIP_consinc_wb,2010,0.4504195035,0.4571411723,171,0.9718758423
filled,common,PIP_consinc_wb,2011,0.4476201159,0.454417057,171,0.9717408017
filled,common,PIP_consinc_wb,2012,0.4464293579,0.4525593475,171,0.9715659076
filled,common,PIP_consinc_wb,2013,0.4437493347,0.4444001703,171,0.9713635263
filled,common,PIP_consinc_wb,2014,0.4418328515,0.4412957491,171,0.9711555822
filled,common,PIP_consinc_wb,2015,0.4401171292,0.4384171148,171,0.9709639228
filled,common,PIP_consinc_wb,2016,0.4377522376,0.4354786208,171,0.9708187294
filled,common,PIP_consinc_wb,2017,0.4343889241,0.4336403154,171,0.9707716802
filled,common,PIP_consinc_wb,2018,0.4322703274,0.4308358088,171,0.9707880983
filled,common,PIP_consinc_wb,2019,0.4289434542,0.4273387509,171,0.9707303103
filled,common,PIP_consinc_wb,2020,0.4275499892,0.4214749165,171,0.9706354595
filled,common,PIP_consinc_wb,2021,0.4248054007,0.4160101214,171,0.9705867902
filled,common,PIP_consinc_wb,2022,0.4224498223,0.4148249987,171,0.970449181
filled,common,PIP_consinc_wb,2023,0.4214822955,0.4136640052,171,0.9702295189
filled,common,PIP_consinc_wb,2024,0.420416121,0.4124399658,171,0.9700520411
filled,common,PIP_topadj,1990,0.5199373135,0.4929519842,171,0.9756186082
filled,common,PIP_topadj,1991,0.5215610761,0.4928057241,171,0.9757108754
filled,common,PIP_topadj,1992,0.5221529195,0.494103187,171,0.9755072096
filled,common,PIP_topadj,1993,0.5259240263,0.5020936452,171,0.9751027792
filled,common,PIP_topadj,1994,0.5280223828,0.5046664665,171,0.9747298923
filled,common,PIP_topadj,1995,0.5305730015,0.5082958796,171,0.9744357305
filled,common,PIP_topadj,1996,0.5319424938,0.5130326676,171,0.9741734531
filled,common,PIP_topadj,1997,0.5330789028,0.5141550562,171,0.9739393291
filled,common,PIP_topadj,1998,0.5366643974,0.5167892126,171,0.9737549575
filled,common,PIP_topadj,1999,0.5340705565,0.5183484858,171,0.9736278973
filled,common,PIP_topadj,2000,0.5361531383,0.5230300683,171,0.9735655247
filled,common,PIP_topadj,2001,0.5363791656,0.5252366646,171,0.9734907193
filled,common,PIP_topadj,2002,0.5351290011,0.5286554916,171,0.9732736033
filled,common,PIP_topadj,2003,0.5351476677,0.5302401473,171,0.9730180952
filled,common,PIP_topadj,2004,0.5350180434,0.5315373022,171,0.9728401042
filled,common,PIP_topadj,2005,0.5338377852,0.5336024128,171,0.9726625269
filled,common,PIP_topadj,2006,0.5311715392,0.5341304922,171,0.9724620672
filled,common,PIP_topadj,2007,0.531797527,0.5362478442,171,0.9723389129
filled,common,PIP_topadj,2008,0.5276938511,0.5349025971,171,0.9721989726
filled,common,PIP_topadj,2009,0.5231431245,0.534880836,171,0.9720158175
filled,common,PIP_topadj,2010,0.5213454095,0.5356002556,171,0.9718758423
filled,common,PIP_topadj,2011,0.5192125453,0.5345527518,171,0.9717408017
filled,common,PIP_topadj,2012,0.5183734881,0.5333127537,171,0.9715659076
filled,common,PIP_topadj,2013,0.5180821924,0.5291813651,171,0.9713635263
filled,common,PIP_topadj,2014,0.5163555023,0.5275654322,171,0.9711555822
filled,common,PIP_topadj,2015,0.5136955106,0.5271701159,171,0.9709639228
filled,common,PIP_topadj,2016,0.5118663132,0.5256520186,171,0.9708187294
filled,common,PIP_topadj,2017,0.5089153475,0.5263996761,171,0.9707716802
filled,common,PIP_topadj,2018,0.5076713753,0.5256899616,171,0.9707880983
filled,common,PIP_topadj,2019,0.5039249167,0.5218674303,171,0.9707303103
filled,common,PIP_topadj,2020,0.502247896,0.5179603076,171,0.9706354595
filled,common,PIP_topadj,2021,0.5003004817,0.5145859338,171,0.9705867902
filled,common,PIP_topadj,2022,0.4977418998,0.5150833251,171,0.970449181
filled,common,PIP_topadj,2023,0.4976030661,0.5154048212,171,0.9702295189
filled,common,PIP_topadj,2024,0.4974594915,0.5152337094,171,0.9700520411
filled,common,PIP_topadj_wb,1990,0.5204218914,0.5009273269,171,0.9756186082
filled,common,PIP_topadj_wb,1991,0.5222238793,0.5006478733,171,0.9757108754
filled,common,PIP_topadj_wb,1992,0.5239560126,0.501925137,171,0.9755072096
filled,common,PIP_topadj_wb,1993,0.5274523444,0.5099557634,171,0.9751027792
filled,common,PIP_topadj_wb,1994,0.5296719969,0.5117532532,171,0.9747298923
filled,common,PIP_topadj_wb,1995,0.5327695519,0.5167162893,171,0.9744357305
filled,common,PIP_topadj_wb,1996,0.5331270613,0.51959895,171,0.9741734531
filled,common,PIP_topadj_wb,1997,0.534541691,0.520628973,171,0.9739393291
filled,common,PIP_topadj_wb,1998,0.5369349028,0.5235803814,171,0.9737549575
filled,common,PIP_topadj_wb,1999,0.5355462831,0.5251660164,171,0.9736278973
filled,common,PIP_topadj_wb,2000,0.5363410608,0.5288355551,171,0.9735655247
filled,common,PIP_topadj_wb,2001,0.536054311,0.5305373639,171,0.9734907193
filled,common,PIP_topadj_wb,2002,0.5340266237,0.5327294798,171,0.9732736033
filled,common,PIP_topadj_wb,2003,0.533363323,0.5333745053,171,0.9730180952
filled,common,PIP_topadj_wb,2004,0.532301024,0.5333607752,171,0.9728401042
filled,common,PIP_topadj_wb,2005,0.5319054575,0.5340476623,171,0.9726625269
filled,common,PIP_topadj_wb,2006,0.5278662859,0.5338983822,171,0.9724620672
filled,common,PIP_topadj_wb,2007,0.5282072512,0.5353206663,171,0.9723389129
filled,common,PIP_topadj_wb,2008,0.5235606164,0.5333501502,171,0.9721989726
filled,common,PIP_topadj_wb,2009,0.518677026,0.5321183235,171,0.9720158175
filled,common,PIP_topadj_wb,2010,0.5167774418,0.5313878562,171,0.9718758423
filled,common,PIP_topadj_wb,2011,0.5142351043,0.5286975199,171,0.9717408017
filled,common,PIP_topadj_wb,2012,0.5131487451,0.5263339476,171,0.9715659076
filled,common,PIP_topadj_wb,2013,0.5118401314,0.5193636227,171,0.9713635263
filled,common,PIP_topadj_wb,2014,0.5102468605,0.5167033673,171,0.9711555822
filled,common,PIP_topadj_wb,2015,0.5072283099,0.5148840961,171,0.9709639228
filled,common,PIP_topadj_wb,2016,0.504937897,0.5121945352,171,0.9708187294
filled,common,PIP_topadj_wb,2017,0.5013631709,0.5119732024,171,0.9707716802
filled,common,PIP_topadj_wb,2018,0.4993309137,0.5100468854,171,0.9707880983
filled,common,PIP_topadj_wb,2019,0.4950370372,0.5050112572,171,0.9707303103
filled,common,PIP_topadj_wb,2020,0.4945954967,0.5016610269,171,0.9706354595
filled,common,PIP_topadj_wb,2021,0.4925088887,0.4978009067,171,0.9705867902
filled,common,PIP_topadj_wb,2022,0.4900495379,0.4981961883,171,0.970449181
filled,common,PIP_topadj_wb,2023,0.4893169791,0.4977496036,171,0.9702295189
filled,common,PIP_topadj_wb,2024,0.4887880884,0.4970522539,171,0.9700520411
filled,common,WID_posttax_per_capita,1990,0.5139161456,0.4791198272,171,0.9756186082
filled,common,WID_posttax_per_capita,1991,0.5181550789,0.4851800658,171,0.9757108754
filled,common,WID_posttax_per_capita,1992,0.5207677898,0.492985472,171,0.9755072096
filled,common,WID_posttax_per_capita,1993,0.52421332,0.4999859483,171,0.9751027792
filled,common,WID_posttax_per_capita,1994,0.5273203725,0.5070649977,171,0.9747298923
filled,common,WID_posttax_per_capita,1995,0.5297989995,0.508372324,171,0.9744357305
filled,common,WID_posttax_per_capita,1996,0.531635783,0.5098958897,171,0.9741734531
filled,common,WID_posttax_per_capita,1997,0.5319519422,0.5095370648,171,0.9739393291
filled,common,WID_posttax_per_capita,1998,0.5321840938,0.5095313829,171,0.9737549575
filled,common,WID_posttax_per_capita,1999,0.5307158814,0.5120345037,171,0.9736278973
filled,common,WID_posttax_per_capita,2000,0.5317624268,0.5183565547,171,0.9735655247
filled,common,WID_posttax_per_capita,2001,0.5326381782,0.5200718312,171,0.9734907193
filled,common,WID_posttax_per_capita,2002,0.5323701753,0.5269687564,171,0.9732736033
filled,common,WID_posttax_per_capita,2003,0.5323276924,0.5319707313,171,0.9730180952
filled,common,WID_posttax_per_capita,2004,0.5322932245,0.5334093064,171,0.9728401042
filled,common,WID_posttax_per_capita,2005,0.5332000431,0.5375423873,171,0.9726625269
filled,common,WID_posttax_per_capita,2006,0.5316156697,0.538009729,171,0.9724620672
filled,common,WID_posttax_per_capita,2007,0.5338123375,0.5400480521,171,0.9723389129
filled,common,WID_posttax_per_capita,2008,0.5293753946,0.5398529643,171,0.9721989726
filled,common,WID_posttax_per_capita,2009,0.5251415237,0.5402643503,171,0.9720158175
filled,common,WID_posttax_per_capita,2010,0.5264647166,0.542192086,171,0.9718758423
filled,common,WID_posttax_per_capita,2011,0.524093518,0.5429413243,171,0.9717408017
filled,common,WID_posttax_per_capita,2012,0.5230411988,0.54129765,171,0.9715659076
filled,common,WID_posttax_per_capita,2013,0.5228707742,0.5415167177,171,0.9713635263
filled,common,WID_posttax_per_capita,2014,0.5210447768,0.540982636,171,0.9711555822
filled,common,WID_posttax_per_capita,2015,0.5198923859,0.5423917187,171,0.9709639228
filled,common,WID_posttax_per_capita,2016,0.5180954766,0.5434995296,171,0.9708187294
filled,common,WID_posttax_per_capita,2017,0.517827538,0.5460225091,171,0.9707716802
filled,common,WID_posttax_per_capita,2018,0.5171224599,0.5457335243,171,0.9707880983
filled,common,WID_posttax_per_capita,2019,0.514742799,0.5430986766,171,0.9707303103
filled,common,WID_posttax_per_capita,2020,0.5130959456,0.5403271813,171,0.9706354595
filled,common,WID_posttax_per_capita,2021,0.5132491074,0.5419317678,171,0.9705867902
filled,common,WID_posttax_per_capita,2022,0.5142799035,0.5446028595,171,0.970449181
filled,common,WID_posttax_per_capita,2023,0.5145038912,0.5459414645,171,0.9702295189
filled,common,WID_posttax_per_capita,2024,0.5151886001,0.5467971138,171,0.9700520411
filled,common,WID_pretax_per_capita,1990,0.5493678628,0.5010563741,171,0.9756186082
filled,common,WID_pretax_per_capita,1991,0.5541251643,0.5078239532,171,0.9757108754
filled,common,WID_pretax_per_capita,1992,0.5579967918,0.5170798124,171,0.9755072096
filled,common,WID_pretax_per_capita,1993,0.5619696151,0.5245507738,171,0.9751027792
filled,common,WID_pretax_per_capita,1994,0.5655503547,0.5313185625,171,0.9747298923
filled,common,WID_pretax_per_capita,1995,0.5684420916,0.533566331,171,0.9744357305
filled,common,WID_pretax_per_capita,1996,0.5705169132,0.5350236916,171,0.9741734531
filled,common,WID_pretax_per_capita,1997,0.5711655316,0.5346404769,171,0.9739393291
filled,common,WID_pretax_per_capita,1998,0.5719386874,0.5341661001,171,0.9737549575
filled,common,WID_pretax_per_capita,1999,0.571137205,0.5370183403,171,0.9736278973
filled,common,WID_pretax_per_capita,2000,0.5725502023,0.5429819693,171,0.9735655247
filled,common,WID_pretax_per_capita,2001,0.574032269,0.5477542374,171,0.9734907193
filled,common,WID_pretax_per_capita,2002,0.5737681698,0.5551632091,171,0.9732736033
filled,common,WID_pretax_per_capita,2003,0.5744508909,0.5598423319,171,0.9730180952
filled,common,WID_pretax_per_capita,2004,0.5752039128,0.563218742,171,0.9728401042
filled,common,WID_pretax_per_capita,2005,0.5768169687,0.569221795,171,0.9726625269
filled,common,WID_pretax_per_capita,2006,0.576273275,0.5712837475,171,0.9724620672
filled,common,WID_pretax_per_capita,2007,0.5779013216,0.5741560237,171,0.9723389129
filled,common,WID_pretax_per_capita,2008,0.5750062513,0.5759451259,171,0.9721989726
filled,common,WID_pretax_per_capita,2009,0.5719577396,0.5759697316,171,0.9720158175
filled,common,WID_pretax_per_capita,2010,0.5723381745,0.5770412281,171,0.9718758423
filled,common,WID_pretax_per_capita,2011,0.5706344553,0.5793311531,171,0.9717408017
filled,common,WID_pretax_per_capita,2012,0.5699982953,0.5782494794,171,0.9715659076
filled,common,WID_pretax_per_capita,2013,0.5698905771,0.5793446918,171,0.9713635263
filled,common,WID_pretax_per_capita,2014,0.5686297413,0.5792919487,171,0.9711555822
filled,common,WID_pretax_per_capita,2015,0.5673205817,0.5808835374,171,0.9709639228
filled,common,WID_pretax_per_capita,2016,0.5664917579,0.5822543231,171,0.9708187294
filled,common,WID_pretax_per_capita,2017,0.5663801513,0.5847162933,171,0.9707716802
filled,common,WID_pretax_per_capita,2018,0.5659210097,0.5847201075,171,0.9707880983
filled,common,WID_pretax_per_capita,2019,0.5642974089,0.5825001693,171,0.9707303103
filled,common,WID_pretax_per_capita,2020,0.5665954336,0.5832473159,171,0.9706354595
filled,common,WID_pretax_per_capita,2021,0.5651194055,0.5840124838,171,0.9705867902
filled,common,WID_pretax_per_capita,2022,0.5638821728,0.5855839029,171,0.970449181
filled,common,WID_pretax_per_capita,2023,0.5637382218,0.5858726627,171,0.9702295189
filled,common,WID_pretax_per_capita,2024,0.5638348844,0.5860189495,171,0.9700520411
filled,common_ex_ci,PIP,1990,0.3963945371,0.3897692684,169,0.5965534888
filled,common_ex_ci,PIP,1991,0.3965390527,0.3891989723,169,0.5963295799
filled,common_ex_ci,PIP,1992,0.3964949722,0.3887633777,169,0.5961744785
filled,common_ex_ci,PIP,1993,0.3971158195,0.3945411259,169,0.5958656669
filled,common_ex_ci,PIP,1994,0.3982645248,0.3966338482,169,0.595687102
filled,common_ex_ci,PIP,1995,0.3991166868,0.3997393704,169,0.5956198309
filled,common_ex_ci,PIP,1996,0.3991958788,0.4004398717,169,0.5955811372
filled,common_ex_ci,PIP,1997,0.3989639075,0.3967064637,169,0.5956258524
filled,common_ex_ci,PIP,1998,0.3989010938,0.3951214494,169,0.5957512747
filled,common_ex_ci,PIP,1999,0.3966596993,0.3934422904,169,0.5959621475
filled,common_ex_ci,PIP,2000,0.3957944976,0.3913535044,169,0.5962415076
filled,common_ex_ci,PIP,2001,0.3953148757,0.3902306738,169,0.5965293604
filled,common_ex_ci,PIP,2002,0.3934160718,0.3876548371,169,0.5968410732
filled,common_ex_ci,PIP,2003,0.3925172858,0.3877089461,169,0.5972456778
filled,common_ex_ci,PIP,2004,0.3922953206,0.3875607325,169,0.5977456635
filled,common_ex_ci,PIP,2005,0.393026947,0.3889921967,169,0.598286212
filled,common_ex_ci,PIP,2006,0.3907016653,0.3874959451,169,0.5988929893
filled,common_ex_ci,PIP,2007,0.3878563278,0.3862640483,169,0.5997324515
filled,common_ex_ci,PIP,2008,0.3863436212,0.3841073052,169,0.6006446564
filled,common_ex_ci,PIP,2009,0.3834402594,0.3808594878,169,0.6014007813
filled,common_ex_ci,PIP,2010,0.3816605,0.3792794685,169,0.6021116008
filled,common_ex_ci,PIP,2011,0.3799350464,0.3804239394,169,0.602895916
filled,common_ex_ci,PIP,2012,0.3797905761,0.3804056637,169,0.6036322735
filled,common_ex_ci,PIP,2013,0.3783573564,0.3800516954,169,0.6043442019
filled,common_ex_ci,PIP,2014,0.3777401732,0.3803562182,169,0.6051587065
filled,common_ex_ci,PIP,2015,0.3762517377,0.3802198985,169,0.6061145358
filled,common_ex_ci,PIP,2016,0.3743853572,0.3788426228,169,0.607062804
filled,common_ex_ci,PIP,2017,0.3718610977,0.3770037576,169,0.6080129399
filled,common_ex_ci,PIP,2018,0.3702793113,0.3767580964,169,0.6091801156
filled,common_ex_ci,PIP,2019,0.3675783594,0.374328811,169,0.6104712054
filled,common_ex_ci,PIP,2020,0.3666327898,0.369464989,169,0.6117820229
filled,common_ex_ci,PIP,2021,0.3646573645,0.3697194359,169,0.6132752479
filled,common_ex_ci,PIP,2022,0.3632241449,0.3688808033,169,0.6148753855
filled,common_ex_ci,PIP,2023,0.3625155286,0.3686427256,169,0.6165015511
filled,common_ex_ci,PIP,2024,0.3619007098,0.3675447517,169,0.6181903146
filled,common_ex_ci,PIP_consinc,1990,0.4650400703,0.4539558186,169,0.5965534888
filled,common_ex_ci,PIP_consinc,1991,0.4651873051,0.4536011894,169,0.5963295799
filled,common_ex_ci,PIP_consinc,1992,0.4645496477,0.4531798415,169,0.5961744785
filled,common_ex_ci,PIP_consinc,1993,0.4668834055,0.4613119842,169,0.5958656669
filled,common_ex_ci,PIP_consinc,1994,0.4680814858,0.4638323322,169,0.595687102
filled,common_ex_ci,PIP_consinc,1995,0.4699893715,0.4663803254,169,0.5956198309
filled,common_ex_ci,PIP_consinc,1996,0.4704965124,0.4684106177,169,0.5955811372
filled,common_ex_ci,PIP_consinc,1997,0.471726807,0.465777686,169,0.5956258524
filled,common_ex_ci,PIP_consinc,1998,0.4751808829,0.4656965918,169,0.5957512747
filled,common_ex_ci,PIP_consinc,1999,0.4728694156,0.4630599971,169,0.5959621475
filled,common_ex_ci,PIP_consinc,2000,0.4740240635,0.4629152347,169,0.5962415076
filled,common_ex_ci,PIP_consinc,2001,0.4735856371,0.4621238517,169,0.5965293604
filled,common_ex_ci,PIP_consinc,2002,0.4719637962,0.460022365,169,0.5968410732
filled,common_ex_ci,PIP_consinc,2003,0.4710263281,0.4598365292,169,0.5972456778
filled,common_ex_ci,PIP_consinc,2004,0.4707574879,0.4597670952,169,0.5977456635
filled,common_ex_ci,PIP_consinc,2005,0.4693536014,0.4612660161,169,0.598286212
filled,common_ex_ci,PIP_consinc,2006,0.4671180425,0.4597443382,169,0.5988929893
filled,common_ex_ci,PIP_consinc,2007,0.4662957651,0.4593381429,169,0.5997324515
filled,common_ex_ci,PIP_consinc,2008,0.4634778771,0.457036446,169,0.6006446564
filled,common_ex_ci,PIP_consinc,2009,0.4593318426,0.4539868916,169,0.6014007813
filled,common_ex_ci,PIP_consinc,2010,0.4554723246,0.4523284933,169,0.6021116008
filled,common_ex_ci,PIP_consinc,2011,0.4532150462,0.4538830769,169,0.602895916
filled,common_ex_ci,PIP_consinc,2012,0.4523530633,0.4539244687,169,0.6036322735
filled,common_ex_ci,PIP_consinc,2013,0.4509530762,0.453091851,169,0.6043442019
filled,common_ex_ci,PIP_consinc,2014,0.4489601892,0.4530019572,169,0.6051587065
filled,common_ex_ci,PIP_consinc,2015,0.4476783158,0.4535137562,169,0.6061145358
filled,common_ex_ci,PIP_consinc,2016,0.4458566955,0.4524400536,169,0.607062804
filled,common_ex_ci,PIP_consinc,2017,0.4428273201,0.4504021644,169,0.6080129399
filled,common_ex_ci,PIP_consinc,2018,0.4420788196,0.4512062176,169,0.6091801156
filled,common_ex_ci,PIP_consinc,2019,0.4394689888,0.4491864087,169,0.6104712054
filled,common_ex_ci,PIP_consinc,2020,0.4365798463,0.4417105513,169,0.6117820229
filled,common_ex_ci,PIP_consinc,2021,0.4340591306,0.4388409612,169,0.6132752479
filled,common_ex_ci,PIP_consinc,2022,0.4319887543,0.4380384,169,0.6148753855
filled,common_ex_ci,PIP_consinc,2023,0.4313604474,0.4382609544,169,0.6165015511
filled,common_ex_ci,PIP_consinc,2024,0.4307603141,0.437508895,169,0.6181903146
filled,common_ex_ci,PIP_consinc_wb,1990,0.4652712482,0.4588096985,169,0.5965534888
filled,common_ex_ci,PIP_consinc_wb,1991,0.4659392523,0.4586125272,169,0.5963295799
filled,common_ex_ci,PIP_consinc_wb,1992,0.4662905228,0.4583251689,169,0.5961744785
filled,common_ex_ci,PIP_consinc_wb,1993,0.4683726343,0.465627865,169,0.5958656669
filled,common_ex_ci,PIP_consinc_wb,1994,0.4695522509,0.4681780179,169,0.595687102
filled,common_ex_ci,PIP_consinc_wb,1995,0.4715166317,0.4710961745,169,0.5956198309
filled,common_ex_ci,PIP_consinc_wb,1996,0.4716082774,0.4719034715,169,0.5955811372
filled,common_ex_ci,PIP_consinc_wb,1997,0.4729324638,0.4681871488,169,0.5956258524
filled,common_ex_ci,PIP_consinc_wb,1998,0.4745785551,0.4678529108,169,0.5957512747
filled,common_ex_ci,PIP_consinc_wb,1999,0.4737011244,0.4654442591,169,0.5959621475
filled,common_ex_ci,PIP_consinc_wb,2000,0.4738284032,0.4642490274,169,0.5962415076
filled,common_ex_ci,PIP_consinc_wb,2001,0.4730567127,0.4629310807,169,0.5965293604
filled,common_ex_ci,PIP_consinc_wb,2002,0.4704907243,0.4594590191,169,0.5968410732
filled,common_ex_ci,PIP_consinc_wb,2003,0.4690631829,0.4590112389,169,0.5972456778
filled,common_ex_ci,PIP_consinc_wb,2004,0.4677299115,0.4580551637,169,0.5977456635
filled,common_ex_ci,PIP_consinc_wb,2005,0.4668201552,0.4588472938,169,0.598286212
filled,common_ex_ci,PIP_consinc_wb,2006,0.4633366683,0.4570956711,169,0.5988929893
filled,common_ex_ci,PIP_consinc_wb,2007,0.4613288757,0.4559961533,169,0.5997324515
filled,common_ex_ci,PIP_consinc_wb,2008,0.4577966509,0.4528024796,169,0.6006446564
filled,common_ex_ci,PIP_consinc_wb,2009,0.4537946461,0.4491497307,169,0.6014007813
filled,common_ex_ci,PIP_consinc_wb,2010,0.450177179,0.4467802176,169,0.6021116008
filled,common_ex_ci,PIP_consinc_wb,2011,0.4474413656,0.447877141,169,0.602895916
filled,common_ex_ci,PIP_consinc_wb,2012,0.446282573,0.4474746147,169,0.6036322735
filled,common_ex_ci,PIP_consinc_wb,2013,0.4437932485,0.4461639223,169,0.6043442019
filled,common_ex_ci,PIP_consinc_wb,2014,0.4419474685,0.446070479,169,0.6051587065
filled,common_ex_ci,PIP_consinc_wb,2015,0.4403032319,0.4462139505,169,0.6061145358
filled,common_ex_ci,PIP_consinc_wb,2016,0.437970548,0.4445951148,169,0.607062804
filled,common_ex_ci,PIP_consinc_wb,2017,0.4345737683,0.4419559149,169,0.6080129399
filled,common_ex_ci,PIP_consinc_wb,2018,0.432514631,0.4417915379,169,0.6091801156
filled,common_ex_ci,PIP_consinc_wb,2019,0.4292083237,0.4392575567,169,0.6104712054
filled,common_ex_ci,PIP_consinc_wb,2020,0.4278706362,0.4335910061,169,0.6117820229
filled,common_ex_ci,PIP_consinc_wb,2021,0.4252431398,0.4323444366,169,0.6132752479
filled,common_ex_ci,PIP_consinc_wb,2022,0.4228787077,0.4313752688,169,0.6148753855
filled,common_ex_ci,PIP_consinc_wb,2023,0.4219402048,0.4315114847,169,0.6165015511
filled,common_ex_ci,PIP_consinc_wb,2024,0.4208797281,0.4304679676,169,0.6181903146
filled,common_ex_ci,PIP_topadj,1990,0.5206229778,0.5114084845,169,0.5965534888
filled,common_ex_ci,PIP_topadj,1991,0.5222788258,0.5115947174,169,0.5963295799
filled,common_ex_ci,PIP_topadj,1992,0.5228475429,0.511747865,169,0.5961744785
filled,common_ex_ci,PIP_topadj,1993,0.5265383686,0.5183453665,169,0.5958656669
filled,common_ex_ci,PIP_topadj,1994,0.5286484387,0.521771103,169,0.595687102
filled,common_ex_ci,PIP_topadj,1995,0.5311812208,0.5252968098,169,0.5956198309
filled,common_ex_ci,PIP_topadj,1996,0.5325085683,0.5297783265,169,0.5955811372
filled,common_ex_ci,PIP_topadj,1997,0.5335700232,0.5267824923,169,0.5956258524
filled,common_ex_ci,PIP_topadj,1998,0.5371018554,0.525849403,169,0.5957512747
filled,common_ex_ci,PIP_topadj,1999,0.5344025329,0.5243632728,169,0.5959621475
filled,common_ex_ci,PIP_topadj,2000,0.5364272452,0.5274970352,169,0.5962415076
filled,common_ex_ci,PIP_topadj,2001,0.5365773915,0.5269519308,169,0.5965293604
filled,common_ex_ci,PIP_topadj,2002,0.5351830366,0.5255351629,169,0.5968410732
filled,common_ex_ci,PIP_topadj,2003,0.5351634992,0.5263377281,169,0.5972456778
filled,common_ex_ci,PIP_topadj,2004,0.5349954795,0.526754197,169,0.5977456635
filled,common_ex_ci,PIP_topadj,2005,0.5337757872,0.5290067538,169,0.598286212
filled,common_ex_ci,PIP_topadj,2006,0.5310231102,0.5269890722,169,0.5988929893
filled,common_ex_ci,PIP_topadj,2007,0.5316086768,0.5279313858,169,0.5997324515
filled,common_ex_ci,PIP_topadj,2008,0.5274369783,0.5248116708,169,0.6006446564
filled,common_ex_ci,PIP_topadj,2009,0.5227810284,0.5222393348,169,0.6014007813
filled,common_ex_ci,PIP_topadj,2010,0.5209228399,0.5215122108,169,0.6021116008
filled,common_ex_ci,PIP_topadj,2011,0.5188281139,0.5234363344,169,0.602895916
filled,common_ex_ci,PIP_topadj,2012,0.5180092822,0.5231801176,169,0.6036322735
filled,common_ex_ci,PIP_topadj,2013,0.5178125488,0.5218103048,169,0.6043442019
filled,common_ex_ci,PIP_topadj,2014,0.516127396,0.5224580846,169,0.6051587065
filled,common_ex_ci,PIP_topadj,2015,0.5134547392,0.5228587575,169,0.6061145358
filled,common_ex_ci,PIP_topadj,2016,0.5115994177,0.5202706494,169,0.607062804
filled,common_ex_ci,PIP_topadj,2017,0.5085675527,0.5191196621,169,0.6080129399
filled,common_ex_ci,PIP_topadj,2018,0.5073607128,0.520678518,169,0.6091801156
filled,common_ex_ci,PIP_topadj,2019,0.5036298262,0.5176216378,169,0.6104712054
filled,common_ex_ci,PIP_topadj,2020,0.5019506501,0.5123600759,169,0.6117820229
filled,common_ex_ci,PIP_topadj,2021,0.5000539654,0.5107405462,169,0.6132752479
filled,common_ex_ci,PIP_topadj,2022,0.4974361222,0.5101703484,169,0.6148753855
filled,common_ex_ci,PIP_topadj,2023,0.4973001558,0.5109719528,169,0.6165015511
filled,common_ex_ci,PIP_topadj,2024,0.4971547616,0.5107738728,169,0.6181903146
filled,common_ex_ci,PIP_topadj_wb,1990,0.5209669045,0.5151893911,169,0.5965534888
filled,common_ex_ci,PIP_topadj_wb,1991,0.5228083404,0.5154063518,169,0.5963295799
filled,common_ex_ci,PIP_topadj_wb,1992,0.5245354714,0.5157373337,169,0.5961744785
filled,common_ex_ci,PIP_topadj_wb,1993,0.527952606,0.5226121471,169,0.5958656669
filled,common_ex_ci,PIP_topadj_wb,1994,0.530193073,0.5252383802,169,0.595687102
filled,common_ex_ci,PIP_topadj_wb,1995,0.5332794598,0.5310333208,169,0.5956198309
filled,common_ex_ci,PIP_topadj_wb,1996,0.5335850948,0.5326876228,169,0.5955811372
filled,common_ex_ci,PIP_topadj_wb,1997,0.5349210099,0.529203547,169,0.5956258524
filled,common_ex_ci,PIP_topadj_wb,1998,0.5372414548,0.5285762479,169,0.5957512747
filled,common_ex_ci,PIP_topadj_wb,1999,0.5357577507,0.52698212,169,0.5959621475
filled,common_ex_ci,PIP_topadj_wb,2000,0.536484855,0.5288627726,169,0.5962415076
filled,common_ex_ci,PIP_topadj_wb,2001,0.5361211184,0.5278641906,169,0.5965293604
filled,common_ex_ci,PIP_topadj_wb,2002,0.5339502395,0.5251182306,169,0.5968410732
filled,common_ex_ci,PIP_topadj_wb,2003,0.5332626689,0.5257196097,169,0.5972456778
filled,common_ex_ci,PIP_topadj_wb,2004,0.5321743689,0.5253912651,169,0.5977456635
filled,common_ex_ci,PIP_topadj_wb,2005,0.5317790499,0.5271386717,169,0.598286212
filled,common_ex_ci,PIP_topadj_wb,2006,0.5276532662,0.5249123106,169,0.5988929893
filled,common_ex_ci,PIP_topadj_wb,2007,0.5279689749,0.5257509665,169,0.5997324515
filled,common_ex_ci,PIP_topadj_wb,2008,0.5232571612,0.5221432984,169,0.6006446564
filled,common_ex_ci,PIP_topadj_wb,2009,0.5182831292,0.5186369602,169,0.6014007813
filled,common_ex_ci,PIP_topadj_wb,2010,0.516347123,0.5169179035,169,0.6021116008
filled,common_ex_ci,PIP_topadj_wb,2011,0.5138804021,0.5184673374,169,0.602895916
filled,common_ex_ci,PIP_topadj_wb,2012,0.5128385551,0.517837825,169,0.6036322735
filled,common_ex_ci,PIP_topadj_wb,2013,0.5116911198,0.5160339128,169,0.6043442019
filled,common_ex_ci,PIP_topadj_wb,2014,0.5101749373,0.5167339295,169,0.6051587065
filled,common_ex_ci,PIP_topadj_wb,2015,0.5071782014,0.5168112532,169,0.6061145358
filled,common_ex_ci,PIP_topadj_wb,2016,0.5048845078,0.5137517138,169,0.607062804
filled,common_ex_ci,PIP_topadj_wb,2017,0.501236616,0.5117714912,169,0.6080129399
filled,common_ex_ci,PIP_topadj_wb,2018,0.499262507,0.5128795085,169,0.6091801156
filled,common_ex_ci,PIP_topadj_wb,2019,0.4950093644,0.5094258116,169,0.6104712054
filled,common_ex_ci,PIP_topadj_wb,2020,0.4945944998,0.5056993317,169,0.6117820229
filled,common_ex_ci,PIP_topadj_wb,2021,0.4925993161,0.5053225978,169,0.6132752479
filled,common_ex_ci,PIP_topadj_wb,2022,0.490087543,0.5047647068,169,0.6148753855
filled,common_ex_ci,PIP_topadj_wb,2023,0.4893745113,0.5053989567,169,0.6165015511
filled,common_ex_ci,PIP_topadj_wb,2024,0.4888539528,0.5049701309,169,0.6181903146
filled,common_ex_ci,WID_posttax_per_capita,1990,0.5147973486,0.5056676196,169,0.5965534888
filled,common_ex_ci,WID_posttax_per_capita,1991,0.5189684607,0.5087090524,169,0.5963295799
filled,common_ex_ci,WID_posttax_per_capita,1992,0.521484708,0.5142460208,169,0.5961744785
filled,common_ex_ci,WID_posttax_per_capita,1993,0.5248014116,0.5165285468,169,0.5958656669
filled,common_ex_ci,WID_posttax_per_capita,1994,0.5278403696,0.5226701766,169,0.595687102
filled,common_ex_ci,WID_posttax_per_capita,1995,0.5303931289,0.5274316258,169,0.5956198309
filled,common_ex_ci,WID_posttax_per_capita,1996,0.5322977288,0.5323745154,169,0.5955811372
filled,common_ex_ci,WID_posttax_per_capita,1997,0.5325791176,0.5298373245,169,0.5956258524
filled,common_ex_ci,WID_posttax_per_capita,1998,0.5327707851,0.5275598125,169,0.5957512747
filled,common_ex_ci,WID_posttax_per_capita,1999,0.5312247093,0.5281916224,169,0.5959621475
filled,common_ex_ci,WID_posttax_per_capita,2000,0.5321813868,0.5326069014,169,0.5962415076
filled,common_ex_ci,WID_posttax_per_capita,2001,0.5330175886,0.5328617813,169,0.5965293604
filled,common_ex_ci,WID_posttax_per_capita,2002,0.5325378804,0.5325845453,169,0.5968410732
filled,common_ex_ci,WID_posttax_per_capita,2003,0.5323855601,0.5348632029,169,0.5972456778
filled,common_ex_ci,WID_posttax_per_capita,2004,0.5322987111,0.5346249997,169,0.5977456635
filled,common_ex_ci,WID_posttax_per_capita,2005,0.5331122531,0.5357791698,169,0.598286212
filled,common_ex_ci,WID_posttax_per_capita,2006,0.5314592337,0.534085909,169,0.5988929893
filled,common_ex_ci,WID_posttax_per_capita,2007,0.5336280394,0.5345918792,169,0.5997324515
filled,common_ex_ci,WID_posttax_per_capita,2008,0.5291232817,0.5335885532,169,0.6006446564
filled,common_ex_ci,WID_posttax_per_capita,2009,0.5247675919,0.5307006575,169,0.6014007813
filled,common_ex_ci,WID_posttax_per_capita,2010,0.5260076484,0.5287427159,169,0.6021116008
filled,common_ex_ci,WID_posttax_per_capita,2011,0.523573208,0.5283527516,169,0.602895916
filled,common_ex_ci,WID_posttax_per_capita,2012,0.5225528888,0.5281907659,169,0.6036322735
filled,common_ex_ci,WID_posttax_per_capita,2013,0.5223365539,0.52621581,169,0.6043442019
filled,common_ex_ci,WID_posttax_per_capita,2014,0.5205091897,0.5264873148,169,0.6051587065
filled,common_ex_ci,WID_posttax_per_capita,2015,0.5193126905,0.5272149892,169,0.6061145358
filled,common_ex_ci,WID_posttax_per_capita,2016,0.5174292893,0.5257375125,169,0.607062804
filled,common_ex_ci,WID_posttax_per_capita,2017,0.5170914229,0.5263622318,169,0.6080129399
filled,common_ex_ci,WID_posttax_per_capita,2018,0.5164598546,0.5299911363,169,0.6091801156
filled,common_ex_ci,WID_posttax_per_capita,2019,0.5140949835,0.5279004416,169,0.6104712054
filled,common_ex_ci,WID_posttax_per_capita,2020,0.5124497894,0.5244878001,169,0.6117820229
filled,common_ex_ci,WID_posttax_per_capita,2021,0.5125860146,0.5261078197,169,0.6132752479
filled,common_ex_ci,WID_posttax_per_capita,2022,0.513582502,0.5280572459,169,0.6148753855
filled,common_ex_ci,WID_posttax_per_capita,2023,0.5137956696,0.5294976924,169,0.6165015511
filled,common_ex_ci,WID_posttax_per_capita,2024,0.5144835047,0.5305857039,169,0.6181903146
filled,common_ex_ci,WID_pretax_per_capita,1990,0.5506061217,0.5382598049,169,0.5965534888
filled,common_ex_ci,WID_pretax_per_capita,1991,0.5553047556,0.5426710717,169,0.5963295799
filled,common_ex_ci,WID_pretax_per_capita,1992,0.5590949088,0.5506134881,169,0.5961744785
filled,common_ex_ci,WID_pretax_per_capita,1993,0.5629474546,0.5537773818,169,0.5958656669
filled,common_ex_ci,WID_pretax_per_capita,1994,0.5664693811,0.5595924372,169,0.595687102
filled,common_ex_ci,WID_pretax_per_capita,1995,0.5694290354,0.5652727272,169,0.5956198309
filled,common_ex_ci,WID_pretax_per_capita,1996,0.5715804743,0.5705026411,169,0.5955811372
filled,common_ex_ci,WID_pretax_per_capita,1997,0.5722023176,0.5681719382,169,0.5956258524
filled,common_ex_ci,WID_pretax_per_capita,1998,0.5729560875,0.5658727379,169,0.5957512747
filled,common_ex_ci,WID_pretax_per_capita,1999,0.5720796567,0.5666994082,169,0.5959621475
filled,common_ex_ci,WID_pretax_per_capita,2000,0.5733931692,0.569733368,169,0.5962415076
filled,common_ex_ci,WID_pretax_per_capita,2001,0.574782903,0.5715889674,169,0.5965293604
filled,common_ex_ci,WID_pretax_per_capita,2002,0.5743002736,0.5716784402,169,0.5968410732
filled,common_ex_ci,WID_pretax_per_capita,2003,0.5748859144,0.5737069169,169,0.5972456778
filled,common_ex_ci,WID_pretax_per_capita,2004,0.5755716788,0.5752684177,169,0.5977456635
filled,common_ex_ci,WID_pretax_per_capita,2005,0.5770749408,0.5781285877,169,0.598286212
filled,common_ex_ci,WID_pretax_per_capita,2006,0.576460338,0.5782047795,169,0.5988929893
filled,common_ex_ci,WID_pretax_per_capita,2007,0.5780292265,0.5788140807,169,0.5997324515
filled,common_ex_ci,WID_pretax_per_capita,2008,0.5750375878,0.5785613639,169,0.6006446564
filled,common_ex_ci,WID_pretax_per_capita,2009,0.571888793,0.5753534746,169,0.6014007813
filled,common_ex_ci,WID_pretax_per_capita,2010,0.5721871219,0.5726287359,169,0.6021116008
filled,common_ex_ci,WID_pretax_per_capita,2011,0.5703947214,0.5729183934,169,0.602895916
filled,common_ex_ci,WID_pretax_per_capita,2012,0.5697818069,0.572906416,169,0.6036322735
filled,common_ex_ci,WID_pretax_per_capita,2013,0.5696147369,0.571568222,169,0.6043442019
filled,common_ex_ci,WID_pretax_per_capita,2014,0.5683474425,0.5719958655,169,0.6051587065
filled,common_ex_ci,WID_pretax_per_capita,2015,0.5669912411,0.5729308606,169,0.6061145358
filled,common_ex_ci,WID_pretax_per_capita,2016,0.5660900611,0.5719808824,169,0.607062804
filled,common_ex_ci,WID_pretax_per_capita,2017,0.5659083045,0.572385247,169,0.6080129399
filled,common_ex_ci,WID_pretax_per_capita,2018,0.565505595,0.5754433337,169,0.6091801156
filled,common_ex_ci,WID_pretax_per_capita,2019,0.5638969009,0.5735664111,169,0.6104712054
filled,common_ex_ci,WID_pretax_per_capita,2020,0.5662434886,0.5757311594,169,0.6117820229
filled,common_ex_ci,WID_pretax_per_capita,2021,0.5647328009,0.5760704082,169,0.6132752479
filled,common_ex_ci,WID_pretax_per_capita,2022,0.5634212537,0.5756090752,169,0.6148753855
filled,common_ex_ci,WID_pretax_per_capita,2023,0.5632755953,0.5760332152,169,0.6165015511
filled,common_ex_ci,WID_pretax_per_capita,2024,0.5633734018,0.5762286886,169,0.6181903146
filled,own,PIP,1990,0.3952120594,0.3545238094,171,0.9756186082
filled,own,PIP,1991,0.395353403,0.3541830138,171,0.9757108754
filled,own,PIP,1992,0.3953338905,0.3548946947,171,0.9755072096
filled,own,PIP,1993,0.3959766232,0.3595834099,171,0.9751027792
filled,own,PIP,1994,0.3971239141,0.3612535674,171,0.9747298923
filled,own,PIP,1995,0.3980056259,0.3644853734,171,0.9744357305
filled,own,PIP,1996,0.3981318832,0.3665480221,171,0.9741734531
filled,own,PIP,1997,0.3979819967,0.3670432245,171,0.9739393291
filled,own,PIP,1998,0.3979943403,0.3686479273,171,0.9737549575
filled,own,PIP,1999,0.3958533732,0.3701645551,171,0.9736278973
filled,own,PIP,2000,0.3950735377,0.3714446934,171,0.9735655247
filled,own,PIP,2001,0.3946702612,0.3731260988,171,0.9734907193
filled,own,PIP,2002,0.3928633322,0.3738527138,171,0.9732736033
filled,own,PIP,2003,0.3919609087,0.3732037085,171,0.9730180952
filled,own,PIP,2004,0.3917294067,0.3725203294,171,0.9728401042
filled,own,PIP,2005,0.3924370526,0.3727364938,171,0.9726625269
filled,own,PIP,2006,0.3901829521,0.3732539963,171,0.9724620672
filled,own,PIP,2007,0.387414352,0.3738977754,171,0.9723389129
filled,own,PIP,2008,0.3859557237,0.3737238416,171,0.9721989726
filled,own,PIP,2009,0.383113577,0.3725391433,171,0.9720158175
filled,own,PIP,2010,0.3813906426,0.3726519961,171,0.9718758423
filled,own,PIP,2011,0.3796311994,0.3713655017,171,0.9717408017
filled,own,PIP,2012,0.3794814175,0.3710412727,171,0.9715659076
filled,own,PIP,2013,0.3779080439,0.3655667438,171,0.9713635263
filled,own,PIP,2014,0.3772488279,0.3641263921,171,0.9711555822
filled,own,PIP,2015,0.3757270367,0.3623806703,171,0.9709639228
filled,own,PIP,2016,0.3738587896,0.3607542209,171,0.9708187294
filled,own,PIP,2017,0.371381561,0.3601830067,171,0.9707716802
filled,own,PIP,2018,0.3697690268,0.3584365648,171,0.9707880983
filled,own,PIP,2019,0.3670644777,0.3557814188,171,0.9707303103
filled,own,PIP,2020,0.3660502035,0.3501686977,171,0.9706354595
filled,own,PIP,2021,0.3640020671,0.3473076271,171,0.9705867902
filled,own,PIP,2022,0.362583061,0.3467231411,171,0.970449181
filled,own,PIP,2023,0.3618728739,0.3462720182,171,0.9702295189
filled,own,PIP,2024,0.3612655559,0.3455885117,171,0.9700520411
filled,own,PIP_consinc,1990,0.4645162161,0.4421342733,171,0.9756186082
filled,own,PIP_consinc,1991,0.4646552269,0.4417521587,171,0.9757108754
filled,own,PIP_consinc,1992,0.46404265,0.4422355418,171,0.9755072096
filled,own,PIP_consinc,1993,0.4663727988,0.4481703636,171,0.9751027792
filled,own,PIP_consinc,1994,0.4675662337,0.4500008049,171,0.9747298923
filled,own,PIP_consinc,1995,0.4694885101,0.4527829521,171,0.9744357305
filled,own,PIP_consinc,1996,0.4700342934,0.4555280167,171,0.9741734531
filled,own,PIP_consinc,1997,0.4713211853,0.4563815955,171,0.9739393291
filled,own,PIP_consinc,1998,0.474801366,0.4586116372,171,0.9737549575
filled,own,PIP_consinc,1999,0.4725829437,0.4592394629,171,0.9736278973
filled,own,PIP_consinc,2000,0.4737908922,0.461400957,171,0.9735655247
filled,own,PIP_consinc,2001,0.473420846,0.4630156963,171,0.9734907193
filled,own,PIP_consinc,2002,0.4718797759,0.4637492213,171,0.9732736033
filled,own,PIP_consinc,2003,0.4709434726,0.4631010445,171,0.9730180952
filled,own,PIP_consinc,2004,0.4706701548,0.4626158281,171,0.9728401042
filled,own,PIP_consinc,2005,0.4692713493,0.4630053323,171,0.9726625269
filled,own,PIP_consinc,2006,0.4670976181,0.463203313,171,0.9724620672
filled,own,PIP_consinc,2007,0.4663207848,0.4640678528,171,0.9723389129
filled,own,PIP_consinc,2008,0.4635659427,0.4635610788,171,0.9721989726
filled,own,PIP_consinc,2009,0.4594955695,0.4624729486,171,0.9720158175
filled,own,PIP_consinc,2010,0.4557134186,0.462399168,171,0.9718758423
filled,own,PIP_consinc,2011,0.4534365599,0.4616306245,171,0.9717408017
filled,own,PIP_consinc,2012,0.452571131,0.4611078182,171,0.9715659076
filled,own,PIP_consinc,2013,0.4510595218,0.456277481,171,0.9713635263
filled,own,PIP_consinc,2014,0.4490373312,0.454447162,171,0.9711555822
filled,own,PIP_consinc,2015,0.447726589,0.4532937966,171,0.9709639228
filled,own,PIP_consinc,2016,0.44590222,0.4518070311,171,0.9708187294
filled,own,PIP_consinc,2017,0.4429233523,0.4509957778,171,0.9707716802
filled,own,PIP_consinc,2018,0.4421355998,0.4499041775,171,0.9707880983
filled,own,PIP_consinc,2019,0.439531774,0.4477994984,171,0.9707303103
filled,own,PIP_consinc,2020,0.436623478,0.4413422503,171,0.9706354595
filled,own,PIP_consinc,2021,0.4340353863,0.4364023506,171,0.9705867902
filled,own,PIP_consinc,2022,0.4319812143,0.4355841529,171,0.970449181
filled,own,PIP_consinc,2023,0.4313497889,0.4353201106,171,0.9702295189
filled,own,PIP_consinc,2024,0.4307568602,0.434765968,171,0.9700520411
filled,own,PIP_consinc_wb,1990,0.4649035065,0.4513251559,171,0.9756186082
filled,own,PIP_consinc_wb,1991,0.4655519379,0.4508896788,171,0.9757108754
filled,own,PIP_consinc_wb,1992,0.4659123815,0.4513409144,171,0.9755072096
filled,own,PIP_consinc_wb,1993,0.4679886583,0.4566216424,171,0.9751027792
filled,own,PIP_consinc_wb,1994,0.4691557832,0.4581656388,171,0.9747298923
filled,own,PIP_consinc_wb,1995,0.4711327583,0.4610826153,171,0.9744357305
filled,own,PIP_consinc_wb,1996,0.4712662374,0.4629695073,171,0.9741734531
filled,own,PIP_consinc_wb,1997,0.4726536191,0.4633891296,171,0.9739393291
filled,own,PIP_consinc_wb,1998,0.4743530105,0.4656307696,171,0.9737549575
filled,own,PIP_consinc_wb,1999,0.473555766,0.4664890476,171,0.9736278973
filled,own,PIP_consinc_wb,2000,0.4737429127,0.4677536829,171,0.9735655247
filled,own,PIP_consinc_wb,2001,0.4730375559,0.4687759749,171,0.9734907193
filled,own,PIP_consinc_wb,2002,0.4705546835,0.4683013294,171,0.9732736033
filled,own,PIP_consinc_wb,2003,0.4691099625,0.4665882232,171,0.9730180952
filled,own,PIP_consinc_wb,2004,0.4677582271,0.4645849321,171,0.9728401042
filled,own,PIP_consinc_wb,2005,0.4668123553,0.4632837777,171,0.9726625269
filled,own,PIP_consinc_wb,2006,0.4633862417,0.4626842938,171,0.9724620672
filled,own,PIP_consinc_wb,2007,0.4614159701,0.4623723656,171,0.9723389129
filled,own,PIP_consinc_wb,2008,0.4579440532,0.4609222216,171,0.9721989726
filled,own,PIP_consinc_wb,2009,0.4539932827,0.4586856995,171,0.9720158175
filled,own,PIP_consinc_wb,2010,0.4504195035,0.4571411723,171,0.9718758423
filled,own,PIP_consinc_wb,2011,0.4476201159,0.454417057,171,0.9717408017
filled,own,PIP_consinc_wb,2012,0.4464293579,0.4525593475,171,0.9715659076
filled,own,PIP_consinc_wb,2013,0.4437493347,0.4444001703,171,0.9713635263
filled,own,PIP_consinc_wb,2014,0.4418328515,0.4412957491,171,0.9711555822
filled,own,PIP_consinc_wb,2015,0.4401171292,0.4384171148,171,0.9709639228
filled,own,PIP_consinc_wb,2016,0.4377522376,0.4354786208,171,0.9708187294
filled,own,PIP_consinc_wb,2017,0.4343889241,0.4336403154,171,0.9707716802
filled,own,PIP_consinc_wb,2018,0.4322703274,0.4308358088,171,0.9707880983
filled,own,PIP_consinc_wb,2019,0.4289434542,0.4273387509,171,0.9707303103
filled,own,PIP_consinc_wb,2020,0.4275499892,0.4214749165,171,0.9706354595
filled,own,PIP_consinc_wb,2021,0.4248054007,0.4160101214,171,0.9705867902
filled,own,PIP_consinc_wb,2022,0.4224498223,0.4148249987,171,0.970449181
filled,own,PIP_consinc_wb,2023,0.4214822955,0.4136640052,171,0.9702295189
filled,own,PIP_consinc_wb,2024,0.420416121,0.4124399658,171,0.9700520411
filled,own,PIP_topadj,1990,0.5199373135,0.4929519842,171,0.9756186082
filled,own,PIP_topadj,1991,0.5215610761,0.4928057241,171,0.9757108754
filled,own,PIP_topadj,1992,0.5221529195,0.494103187,171,0.9755072096
filled,own,PIP_topadj,1993,0.5259240263,0.5020936452,171,0.9751027792
filled,own,PIP_topadj,1994,0.5280223828,0.5046664665,171,0.9747298923
filled,own,PIP_topadj,1995,0.5305730015,0.5082958796,171,0.9744357305
filled,own,PIP_topadj,1996,0.5319424938,0.5130326676,171,0.9741734531
filled,own,PIP_topadj,1997,0.5330789028,0.5141550562,171,0.9739393291
filled,own,PIP_topadj,1998,0.5366643974,0.5167892126,171,0.9737549575
filled,own,PIP_topadj,1999,0.5340705565,0.5183484858,171,0.9736278973
filled,own,PIP_topadj,2000,0.5361531383,0.5230300683,171,0.9735655247
filled,own,PIP_topadj,2001,0.5363791656,0.5252366646,171,0.9734907193
filled,own,PIP_topadj,2002,0.5351290011,0.5286554916,171,0.9732736033
filled,own,PIP_topadj,2003,0.5351476677,0.5302401473,171,0.9730180952
filled,own,PIP_topadj,2004,0.5350180434,0.5315373022,171,0.9728401042
filled,own,PIP_topadj,2005,0.5338377852,0.5336024128,171,0.9726625269
filled,own,PIP_topadj,2006,0.5311715392,0.5341304922,171,0.9724620672
filled,own,PIP_topadj,2007,0.531797527,0.5362478442,171,0.9723389129
filled,own,PIP_topadj,2008,0.5276938511,0.5349025971,171,0.9721989726
filled,own,PIP_topadj,2009,0.5231431245,0.534880836,171,0.9720158175
filled,own,PIP_topadj,2010,0.5213454095,0.5356002556,171,0.9718758423
filled,own,PIP_topadj,2011,0.5192125453,0.5345527518,171,0.9717408017
filled,own,PIP_topadj,2012,0.5183734881,0.5333127537,171,0.9715659076
filled,own,PIP_topadj,2013,0.5180821924,0.5291813651,171,0.9713635263
filled,own,PIP_topadj,2014,0.5163555023,0.5275654322,171,0.9711555822
filled,own,PIP_topadj,2015,0.5136955106,0.5271701159,171,0.9709639228
filled,own,PIP_topadj,2016,0.5118663132,0.5256520186,171,0.9708187294
filled,own,PIP_topadj,2017,0.5089153475,0.5263996761,171,0.9707716802
filled,own,PIP_topadj,2018,0.5076713753,0.5256899616,171,0.9707880983
filled,own,PIP_topadj,2019,0.5039249167,0.5218674303,171,0.9707303103
filled,own,PIP_topadj,2020,0.502247896,0.5179603076,171,0.9706354595
filled,own,PIP_topadj,2021,0.5003004817,0.5145859338,171,0.9705867902
filled,own,PIP_topadj,2022,0.4977418998,0.5150833251,171,0.970449181
filled,own,PIP_topadj,2023,0.4976030661,0.5154048212,171,0.9702295189
filled,own,PIP_topadj,2024,0.4974594915,0.5152337094,171,0.9700520411
filled,own,PIP_topadj_wb,1990,0.5204218914,0.5009273269,171,0.9756186082
filled,own,PIP_topadj_wb,1991,0.5222238793,0.5006478733,171,0.9757108754
filled,own,PIP_topadj_wb,1992,0.5239560126,0.501925137,171,0.9755072096
filled,own,PIP_topadj_wb,1993,0.5274523444,0.5099557634,171,0.9751027792
filled,own,PIP_topadj_wb,1994,0.5296719969,0.5117532532,171,0.9747298923
filled,own,PIP_topadj_wb,1995,0.5327695519,0.5167162893,171,0.9744357305
filled,own,PIP_topadj_wb,1996,0.5331270613,0.51959895,171,0.9741734531
filled,own,PIP_topadj_wb,1997,0.534541691,0.520628973,171,0.9739393291
filled,own,PIP_topadj_wb,1998,0.5369349028,0.5235803814,171,0.9737549575
filled,own,PIP_topadj_wb,1999,0.5355462831,0.5251660164,171,0.9736278973
filled,own,PIP_topadj_wb,2000,0.5363410608,0.5288355551,171,0.9735655247
filled,own,PIP_topadj_wb,2001,0.536054311,0.5305373639,171,0.9734907193
filled,own,PIP_topadj_wb,2002,0.5340266237,0.5327294798,171,0.9732736033
filled,own,PIP_topadj_wb,2003,0.533363323,0.5333745053,171,0.9730180952
filled,own,PIP_topadj_wb,2004,0.532301024,0.5333607752,171,0.9728401042
filled,own,PIP_topadj_wb,2005,0.5319054575,0.5340476623,171,0.9726625269
filled,own,PIP_topadj_wb,2006,0.5278662859,0.5338983822,171,0.9724620672
filled,own,PIP_topadj_wb,2007,0.5282072512,0.5353206663,171,0.9723389129
filled,own,PIP_topadj_wb,2008,0.5235606164,0.5333501502,171,0.9721989726
filled,own,PIP_topadj_wb,2009,0.518677026,0.5321183235,171,0.9720158175
filled,own,PIP_topadj_wb,2010,0.5167774418,0.5313878562,171,0.9718758423
filled,own,PIP_topadj_wb,2011,0.5142351043,0.5286975199,171,0.9717408017
filled,own,PIP_topadj_wb,2012,0.5131487451,0.5263339476,171,0.9715659076
filled,own,PIP_topadj_wb,2013,0.5118401314,0.5193636227,171,0.9713635263
filled,own,PIP_topadj_wb,2014,0.5102468605,0.5167033673,171,0.9711555822
filled,own,PIP_topadj_wb,2015,0.5072283099,0.5148840961,171,0.9709639228
filled,own,PIP_topadj_wb,2016,0.504937897,0.5121945352,171,0.9708187294
filled,own,PIP_topadj_wb,2017,0.5013631709,0.5119732024,171,0.9707716802
filled,own,PIP_topadj_wb,2018,0.4993309137,0.5100468854,171,0.9707880983
filled,own,PIP_topadj_wb,2019,0.4950370372,0.5050112572,171,0.9707303103
filled,own,PIP_topadj_wb,2020,0.4945954967,0.5016610269,171,0.9706354595
filled,own,PIP_topadj_wb,2021,0.4925088887,0.4978009067,171,0.9705867902
filled,own,PIP_topadj_wb,2022,0.4900495379,0.4981961883,171,0.970449181
filled,own,PIP_topadj_wb,2023,0.4893169791,0.4977496036,171,0.9702295189
filled,own,PIP_topadj_wb,2024,0.4887880884,0.4970522539,171,0.9700520411
filled,own,WID_posttax_per_capita,1990,0.5188936991,0.4814655535,211,1
filled,own,WID_posttax_per_capita,1991,0.5222318719,0.487361164,211,1
filled,own,WID_posttax_per_capita,1992,0.5246220047,0.4949929813,211,1
filled,own,WID_posttax_per_capita,1993,0.5277172505,0.5018335671,211,1
filled,own,WID_posttax_per_capita,1994,0.5303510732,0.5087364216,211,1
filled,own,WID_posttax_per_capita,1995,0.5321876081,0.5100045423,211,1
filled,own,WID_posttax_per_capita,1996,0.5334634594,0.5114733358,211,1
filled,own,WID_posttax_per_capita,1997,0.5337460495,0.5111136444,211,1
filled,own,WID_posttax_per_capita,1998,0.5338578736,0.5111155829,211,1
filled,own,WID_posttax_per_capita,1999,0.5324882258,0.5135129963,211,1
filled,own,WID_posttax_per_capita,2000,0.5336322311,0.5196751224,211,1
filled,own,WID_posttax_per_capita,2001,0.5349018856,0.5215243193,211,1
filled,own,WID_posttax_per_capita,2002,0.5348312723,0.5283758386,211,1
filled,own,WID_posttax_per_capita,2003,0.5348941314,0.5330131539,211,1
filled,own,WID_posttax_per_capita,2004,0.5353530543,0.5343535235,211,1
filled,own,WID_posttax_per_capita,2005,0.5358003995,0.5382414011,211,1
filled,own,WID_posttax_per_capita,2006,0.5344534117,0.5385874253,211,1
filled,own,WID_posttax_per_capita,2007,0.5363211812,0.5406214441,211,1
filled,own,WID_posttax_per_capita,2008,0.5323141877,0.5404445712,211,1
filled,own,WID_posttax_per_capita,2009,0.5284917137,0.5406412183,211,1
filled,own,WID_posttax_per_capita,2010,0.5305717588,0.5425602564,211,1
filled,own,WID_posttax_per_capita,2011,0.5272388135,0.5428152513,211,1
filled,own,WID_posttax_per_capita,2012,0.5253655758,0.5410174642,211,1
filled,own,WID_posttax_per_capita,2013,0.525122955,0.5413127901,211,1
filled,own,WID_posttax_per_capita,2014,0.5227577894,0.5407653457,211,1
filled,own,WID_posttax_per_capita,2015,0.5213504986,0.54213986,211,1
filled,own,WID_posttax_per_capita,2016,0.5194352045,0.5432541254,211,1
filled,own,WID_posttax_per_capita,2017,0.5187953003,0.545819635,211,1
filled,own,WID_posttax_per_capita,2018,0.5175180865,0.5454145155,211,1
filled,own,WID_posttax_per_capita,2019,0.5151164055,0.543026054,211,1
filled,own,WID_posttax_per_capita,2020,0.5132582371,0.5401782806,211,1
filled,own,WID_posttax_per_capita,2021,0.5135310463,0.541639994,211,1
filled,own,WID_posttax_per_capita,2022,0.5142938975,0.5443400469,211,1
filled,own,WID_posttax_per_capita,2023,0.5145400556,0.5457164784,211,1
filled,own,WID_posttax_per_capita,2024,0.51515404,0.5465718843,211,1
filled,own,WID_pretax_per_capita,1990,0.5550460465,0.5035211553,211,1
filled,own,WID_pretax_per_capita,1991,0.5588231673,0.5101284494,211,1
filled,own,WID_pretax_per_capita,1992,0.5622946185,0.51919453,211,1
filled,own,WID_pretax_per_capita,1993,0.5657845989,0.5265204448,211,1
filled,own,WID_pretax_per_capita,1994,0.5688092336,0.5331263677,211,1
filled,own,WID_pretax_per_capita,1995,0.5710001521,0.5353208535,211,1
filled,own,WID_pretax_per_capita,1996,0.5725117217,0.5367282903,211,1
filled,own,WID_pretax_per_capita,1997,0.5731152167,0.5363617185,211,1
filled,own,WID_pretax_per_capita,1998,0.5736934389,0.5359131556,211,1
filled,own,WID_pretax_per_capita,1999,0.5729095293,0.5386943653,211,1
filled,own,WID_pretax_per_capita,2000,0.5743162663,0.5445470836,211,1
filled,own,WID_pretax_per_capita,2001,0.5760880575,0.5493782572,211,1
filled,own,WID_pretax_per_capita,2002,0.5760357576,0.5566995426,211,1
filled,own,WID_pretax_per_capita,2003,0.5765585422,0.5609896515,211,1
filled,own,WID_pretax_per_capita,2004,0.5774915671,0.5642284392,211,1
filled,own,WID_pretax_per_capita,2005,0.5787084173,0.5699184999,211,1
filled,own,WID_pretax_per_capita,2006,0.5781502555,0.571769503,211,1
filled,own,WID_pretax_per_capita,2007,0.5796902201,0.5747046797,211,1
filled,own,WID_pretax_per_capita,2008,0.5767885526,0.5762013027,211,1
filled,own,WID_pretax_per_capita,2009,0.5741381502,0.5762433437,211,1
filled,own,WID_pretax_per_capita,2010,0.5752787543,0.5772862629,211,1
filled,own,WID_pretax_per_capita,2011,0.572675791,0.5790874086,211,1
filled,own,WID_pretax_per_capita,2012,0.5711991312,0.5778354941,211,1
filled,own,WID_pretax_per_capita,2013,0.5710677724,0.5789931489,211,1
filled,own,WID_pretax_per_capita,2014,0.5694207271,0.578996157,211,1
filled,own,WID_pretax_per_capita,2015,0.5680027666,0.5805411129,211,1
filled,own,WID_pretax_per_capita,2016,0.5669137348,0.581875885,211,1
filled,own,WID_pretax_per_capita,2017,0.566374765,0.5842663243,211,1
filled,own,WID_pretax_per_capita,2018,0.5654899272,0.5842384878,211,1
filled,own,WID_pretax_per_capita,2019,0.5639315015,0.5822012733,211,1
filled,own,WID_pretax_per_capita,2020,0.5658876433,0.5831299824,211,1
filled,own,WID_pretax_per_capita,2021,0.5646055591,0.5836394912,211,1
filled,own,WID_pretax_per_capita,2022,0.5633283376,0.5851307913,211,1
filled,own,WID_pretax_per_capita,2023,0.5633677996,0.5855502468,211,1
filled,own,WID_pretax_per_capita,2024,0.5634465209,0.5856902215,211,1
nearest_survey,balanced,PIP,1990,0.3819019357,0.3486354607,77,0.8425748467
nearest_survey,balanced,PIP,1991,0.3814158947,0.3485393216,77,0.8425843336
nearest_survey,balanced,PIP,1992,0.3811128389,0.3512416059,77,0.8421933123
nearest_survey,balanced,PIP,1993,0.381557075,0.354307833,77,0.8415093771
nearest_survey,balanced,PIP,1994,0.380516339,0.3536151115,77,0.8408795035
nearest_survey,balanced,PIP,1995,0.3851874242,0.3620196342,77,0.840301264
nearest_survey,balanced,PIP,1996,0.3858497629,0.3622766621,77,0.8396090575
nearest_survey,balanced,PIP,1997,0.3850002056,0.3601930418,77,0.8389613693
nearest_survey,balanced,PIP,1998,0.3838378984,0.3662642668,77,0.8384102138
nearest_survey,balanced,PIP,1999,0.3834710751,0.3687686734,77,0.8379622388
nearest_survey,balanced,PIP,2000,0.3813548966,0.3653777562,77,0.8375450836
nearest_survey,balanced,PIP,2001,0.3839460898,0.3738970155,77,0.8370615544
nearest_survey,balanced,PIP,2002,0.3829491037,0.3719339725,77,0.8364059344
nearest_survey,balanced,PIP,2003,0.3822729124,0.3728613729,77,0.8357096466
nearest_survey,balanced,PIP,2004,0.3799234305,0.3697314727,77,0.8350751412
nearest_survey,balanced,PIP,2005,0.3822023059,0.3707937477,77,0.8343860518
nearest_survey,balanced,PIP,2006,0.3805597124,0.370296999,77,0.8336165058
nearest_survey,balanced,PIP,2007,0.378333883,0.373456838,77,0.832856319
nearest_survey,balanced,PIP,2008,0.3769377546,0.3723713324,77,0.8320615983
nearest_survey,balanced,PIP,2009,0.3744644745,0.3708641387,77,0.8312611085
nearest_survey,balanced,PIP,2010,0.3732704144,0.3723734863,77,0.8304921279
nearest_survey,balanced,PIP,2011,0.3708307476,0.3705079748,77,0.8296594076
nearest_survey,balanced,PIP,2012,0.3693609592,0.3693418892,77,0.8287884597
nearest_survey,balanced,PIP,2013,0.3698784867,0.3643890854,77,0.827884203
nearest_survey,balanced,PIP,2014,0.3692969252,0.3631375936,77,0.8269614302
nearest_survey,balanced,PIP,2015,0.3666449093,0.3616058327,77,0.8260350925
nearest_survey,balanced,PIP,2016,0.3651304117,0.3601288022,77,0.8251271921
nearest_survey,balanced,PIP,2017,0.3633804612,0.3541119451,77,0.8243794044
nearest_survey,balanced,PIP,2018,0.3621821017,0.3529447161,77,0.8236656334
nearest_survey,balanced,PIP,2019,0.3589595914,0.3500288043,77,0.822763838
nearest_survey,balanced,PIP,2020,0.3551083419,0.3437879039,77,0.8216676498
nearest_survey,balanced,PIP,2021,0.3550455951,0.3414286184,77,0.8204475376
nearest_survey,balanced,PIP,2022,0.3543264926,0.3430052621,77,0.8190592529
nearest_survey,balanced,PIP,2023,0.3530410419,0.3424825691,77,0.8175896
nearest_survey,balanced,PIP,2024,0.3524585693,0.3412607273,77,0.8162084875
nearest_survey,balanced,PIP_consinc,1990,0.4297254805,0.4382660015,77,0.8425748467
nearest_survey,balanced,PIP_consinc,1991,0.4292394396,0.438362389,77,0.8425843336
nearest_survey,balanced,PIP_consinc,1992,0.4288583878,0.4404277364,77,0.8421933123
nearest_survey,balanced,PIP_consinc,1993,0.4317225536,0.444797698,77,0.8415093771
nearest_survey,balanced,PIP_consinc,1994,0.4325832963,0.4448248544,77,0.8408795035
nearest_survey,balanced,PIP_consinc,1995,0.4402033954,0.4525125498,77,0.840301264
nearest_survey,balanced,PIP_consinc,1996,0.4409882219,0.4533748334,77,0.8396090575
nearest_survey,balanced,PIP_consinc,1997,0.4433649335,0.4519080545,77,0.8389613693
nearest_survey,balanced,PIP_consinc,1998,0.4437950072,0.4562022127,77,0.8384102138
nearest_survey,balanced,PIP_consinc,1999,0.4418915488,0.4594564486,77,0.8379622388
nearest_survey,balanced,PIP_consinc,2000,0.4395995137,0.4562600159,77,0.8375450836
nearest_survey,balanced,PIP_consinc,2001,0.4469260777,0.4651058214,77,0.8370615544
nearest_survey,balanced,PIP_consinc,2002,0.445949177,0.4633324502,77,0.8364059344
nearest_survey,balanced,PIP_consinc,2003,0.4454624013,0.4640751107,77,0.8357096466
nearest_survey,balanced,PIP_consinc,2004,0.4415357174,0.4612638426,77,0.8350751412
nearest_survey,balanced,PIP_consinc,2005,0.4376633945,0.4621393548,77,0.8343860518
nearest_survey,balanced,PIP_consinc,2006,0.4360212245,0.4616158122,77,0.8336165058
nearest_survey,balanced,PIP_consinc,2007,0.4368319053,0.464493595,77,0.832856319
nearest_survey,balanced,PIP_consinc,2008,0.4354854347,0.4634895126,77,0.8320615983
nearest_survey,balanced,PIP_consinc,2009,0.4315637966,0.4620883789,77,0.8312611085
nearest_survey,balanced,PIP_consinc,2010,0.4270142711,0.4632640409,77,0.8304921279
nearest_survey,balanced,PIP_consinc,2011,0.4248683321,0.4620118019,77,0.8296594076
nearest_survey,balanced,PIP_consinc,2012,0.4235665545,0.4608837444,77,0.8287884597
nearest_survey,balanced,PIP_consinc,2013,0.4240127913,0.4569989442,77,0.827884203
nearest_survey,balanced,PIP_consinc,2014,0.4220085787,0.4554225635,77,0.8269614302
nearest_survey,balanced,PIP_consinc,2015,0.4197281489,0.4544257984,77,0.8260350925
nearest_survey,balanced,PIP_consinc,2016,0.4196262978,0.4531769416,77,0.8251271921
nearest_survey,balanced,PIP_consinc,2017,0.4164755549,0.4465179261,77,0.8243794044
nearest_survey,balanced,PIP_consinc,2018,0.4169163402,0.4459204662,77,0.8236656334
nearest_survey,balanced,PIP_consinc,2019,0.4139474621,0.4436539041,77,0.822763838
nearest_survey,balanced,PIP_consinc,2020,0.407350454,0.4364376226,77,0.8216676498
nearest_survey,balanced,PIP_consinc,2021,0.4058546105,0.4316589565,77,0.8204475376
nearest_survey,balanced,PIP_consinc,2022,0.4036386319,0.4327049141,77,0.8190592529
nearest_survey,balanced,PIP_consinc,2023,0.4024634623,0.4324044481,77,0.8175896
nearest_survey,balanced,PIP_consinc,2024,0.4018827223,0.4313036647,77,0.8162084875
nearest_survey,balanced,PIP_consinc_wb,1990,0.4355779774,0.4478437619,77,0.8425748467
nearest_survey,balanced,PIP_consinc_wb,1991,0.4350919365,0.4479743091,77,0.8425843336
nearest_survey,balanced,PIP_consinc_wb,1992,0.4346761744,0.4504646952,77,0.8421933123
nearest_survey,balanced,PIP_consinc_wb,1993,0.4371869561,0.4542111614,77,0.8415093771
nearest_survey,balanced,PIP_consinc_wb,1994,0.4363401953,0.453054421,77,0.8408795035
nearest_survey,balanced,PIP_consinc_wb,1995,0.4439444696,0.4609413239,77,0.840301264
nearest_survey,balanced,PIP_consinc_wb,1996,0.4439252326,0.4613162251,77,0.8396090575
nearest_survey,balanced,PIP_consinc_wb,1997,0.4461849529,0.4594937174,77,0.8389613693
nearest_survey,balanced,PIP_consinc_wb,1998,0.4446460908,0.4641984971,77,0.8384102138
nearest_survey,balanced,PIP_consinc_wb,1999,0.4440319806,0.4673756225,77,0.8379622388
nearest_survey,balanced,PIP_consinc_wb,2000,0.441794141,0.4640070916,77,0.8375450836
nearest_survey,balanced,PIP_consinc_wb,2001,0.4463253015,0.4712405643,77,0.8370615544
nearest_survey,balanced,PIP_consinc_wb,2002,0.444548995,0.4682877728,77,0.8364059344
nearest_survey,balanced,PIP_consinc_wb,2003,0.4433265448,0.4685943421,77,0.8357096466
nearest_survey,balanced,PIP_consinc_wb,2004,0.4391587336,0.4621594339,77,0.8350751412
nearest_survey,balanced,PIP_consinc_wb,2005,0.4373936323,0.4628813771,77,0.8343860518
nearest_survey,balanced,PIP_consinc_wb,2006,0.434879285,0.4622609637,77,0.8336165058
nearest_survey,balanced,PIP_consinc_wb,2007,0.4332007013,0.4616846752,77,0.832856319
nearest_survey,balanced,PIP_consinc_wb,2008,0.4308957335,0.4599043944,77,0.8320615983
nearest_survey,balanced,PIP_consinc_wb,2009,0.4274984478,0.4582366396,77,0.8312611085
nearest_survey,balanced,PIP_consinc_wb,2010,0.4237563445,0.4575751707,77,0.8304921279
nearest_survey,balanced,PIP_consinc_wb,2011,0.4208006773,0.4536103531,77,0.8296594076
nearest_survey,balanced,PIP_consinc_wb,2012,0.4185809598,0.4509868911,77,0.8287884597
nearest_survey,balanced,PIP_consinc_wb,2013,0.4184822245,0.4441029465,77,0.827884203
nearest_survey,balanced,PIP_consinc_wb,2014,0.4165046735,0.4413729967,77,0.8269614302
nearest_survey,balanced,PIP_consinc_wb,2015,0.41331401,0.4389946079,77,0.8260350925
nearest_survey,balanced,PIP_consinc_wb,2016,0.4123886266,0.436733807,77,0.8251271921
nearest_survey,balanced,PIP_consinc_wb,2017,0.4091167415,0.4242925796,77,0.8243794044
nearest_survey,balanced,PIP_consinc_wb,2018,0.408508406,0.4225973521,77,0.8236656334
nearest_survey,balanced,PIP_consinc_wb,2019,0.4051627958,0.4191830167,77,0.822763838
nearest_survey,balanced,PIP_consinc_wb,2020,0.3993288891,0.4115107932,77,0.8216676498
nearest_survey,balanced,PIP_consinc_wb,2021,0.3982603531,0.4066652012,77,0.8204475376
nearest_survey,balanced,PIP_consinc_wb,2022,0.3967463007,0.4086269492,77,0.8190592529
nearest_survey,balanced,PIP_consinc_wb,2023,0.3953992398,0.4082038934,77,0.8175896
nearest_survey,balanced,PIP_consinc_wb,2024,0.3947847658,0.4070532843,77,0.8162084875
nearest_survey,balanced,PIP_topadj,1990,0.48743134,0.4906670051,77,0.8425748467
nearest_survey,balanced,PIP_topadj,1991,0.4869880313,0.490505049,77,0.8425843336
nearest_survey,balanced,PIP_topadj,1992,0.4871347302,0.4949226828,77,0.8421933123
nearest_survey,balanced,PIP_topadj,1993,0.4886020814,0.4980883394,77,0.8415093771
nearest_survey,balanced,PIP_topadj,1994,0.4906086713,0.4989690719,77,0.8408795035
nearest_survey,balanced,PIP_topadj,1995,0.4979556201,0.5084245481,77,0.840301264
nearest_survey,balanced,PIP_topadj,1996,0.4984396972,0.5092829933,77,0.8396090575
nearest_survey,balanced,PIP_topadj,1997,0.5014390931,0.5086827834,77,0.8389613693
nearest_survey,balanced,PIP_topadj,1998,0.5009836946,0.5112505909,77,0.8384102138
nearest_survey,balanced,PIP_topadj,1999,0.5004045361,0.5220985604,77,0.8379622388
nearest_survey,balanced,PIP_topadj,2000,0.5001575902,0.5218023969,77,0.8375450836
nearest_survey,balanced,PIP_topadj,2001,0.5084156358,0.5332470583,77,0.8370615544
nearest_survey,balanced,PIP_topadj,2002,0.5059727806,0.5295068208,77,0.8364059344
nearest_survey,balanced,PIP_topadj,2003,0.5068428594,0.530555332,77,0.8357096466
nearest_survey,balanced,PIP_topadj,2004,0.5030329487,0.5306478401,77,0.8350751412
nearest_survey,balanced,PIP_topadj,2005,0.5009541054,0.5322607698,77,0.8343860518
nearest_survey,balanced,PIP_topadj,2006,0.4984413465,0.531526188,77,0.8336165058
nearest_survey,balanced,PIP_topadj,2007,0.4996918058,0.5363718264,77,0.832856319
nearest_survey,balanced,PIP_topadj,2008,0.4964249532,0.5358520942,77,0.8320615983
nearest_survey,balanced,PIP_topadj,2009,0.4914730175,0.5340838733,77,0.8312611085
nearest_survey,balanced,PIP_topadj,2010,0.4883194677,0.5353640502,77,0.8304921279
nearest_survey,balanced,PIP_topadj,2011,0.4862602244,0.534525624,77,0.8296594076
nearest_survey,balanced,PIP_topadj,2012,0.48510575,0.5324435609,77,0.8287884597
nearest_survey,balanced,PIP_topadj,2013,0.4858989784,0.5281527209,77,0.827884203
nearest_survey,balanced,PIP_topadj,2014,0.4855790091,0.5275503977,77,0.8269614302
nearest_survey,balanced,PIP_topadj,2015,0.4817473496,0.526937394,77,0.8260350925
nearest_survey,balanced,PIP_topadj,2016,0.4815442939,0.5245639637,77,0.8251271921
nearest_survey,balanced,PIP_topadj,2017,0.4791429461,0.5229357181,77,0.8243794044
nearest_survey,balanced,PIP_topadj,2018,0.4796199857,0.5230256996,77,0.8236656334
nearest_survey,balanced,PIP_topadj,2019,0.4750150418,0.5197975377,77,0.822763838
nearest_survey,balanced,PIP_topadj,2020,0.4702276962,0.5152663178,77,0.8216676498
nearest_survey,balanced,PIP_topadj,2021,0.4698917433,0.5122153129,77,0.8204475376
nearest_survey,balanced,PIP_topadj,2022,0.4668389621,0.5129033198,77,0.8190592529
nearest_survey,balanced,PIP_topadj,2023,0.4654715996,0.5128774887,77,0.8175896
nearest_survey,balanced,PIP_topadj,2024,0.4651104548,0.5120843322,77,0.8162084875
nearest_survey,balanced,PIP_topadj_wb,1990,0.4920385675,0.4990330269,77,0.8425748467
nearest_survey,balanced,PIP_topadj_wb,1991,0.4915952588,0.4988982628,77,0.8425843336
nearest_survey,balanced,PIP_topadj_wb,1992,0.491707513,0.503595765,77,0.8421933123
nearest_survey,balanced,PIP_topadj_wb,1993,0.4928589502,0.5062173116,77,0.8415093771
nearest_survey,balanced,PIP_topadj_wb,1994,0.4934418696,0.5061199838,77,0.8408795035
nearest_survey,balanced,PIP_topadj_wb,1995,0.5015410741,0.5159480553,77,0.840301264
nearest_survey,balanced,PIP_topadj_wb,1996,0.501331187,0.5163686194,77,0.8396090575
nearest_survey,balanced,PIP_topadj_wb,1997,0.5041074216,0.5154160092,77,0.8389613693
nearest_survey,balanced,PIP_topadj_wb,1998,0.5022625918,0.5187093261,77,0.8384102138
nearest_survey,balanced,PIP_topadj_wb,1999,0.5024513811,0.5293753122,77,0.8379622388
nearest_survey,balanced,PIP_topadj_wb,2000,0.5018313186,0.5288321321,77,0.8375450836
nearest_survey,balanced,PIP_topadj_wb,2001,0.507831133,0.5387472493,77,0.8370615544
nearest_survey,balanced,PIP_topadj_wb,2002,0.50471595,0.53400607,77,0.8364059344
nearest_survey,balanced,PIP_topadj_wb,2003,0.5047382366,0.5346952243,77,0.8357096466
nearest_survey,balanced,PIP_topadj_wb,2004,0.5008208717,0.5316019249,77,0.8350751412
nearest_survey,balanced,PIP_topadj_wb,2005,0.5010517553,0.5331325797,77,0.8343860518
nearest_survey,balanced,PIP_topadj_wb,2006,0.4973875875,0.5323083518,77,0.8336165058
nearest_survey,balanced,PIP_topadj_wb,2007,0.4972825367,0.5345984682,77,0.832856319
nearest_survey,balanced,PIP_topadj_wb,2008,0.4931560768,0.5334040352,77,0.8320615983
nearest_survey,balanced,PIP_topadj_wb,2009,0.4882928154,0.5313497991,77,0.8312611085
nearest_survey,balanced,PIP_topadj_wb,2010,0.4854805273,0.5307872828,77,0.8304921279
nearest_survey,balanced,PIP_topadj_wb,2011,0.4828100594,0.5277361278,77,0.8296594076
nearest_survey,balanced,PIP_topadj_wb,2012,0.4808939126,0.5243671846,77,0.8287884597
nearest_survey,balanced,PIP_topadj_wb,2013,0.4812049089,0.5174721274,77,0.827884203
nearest_survey,balanced,PIP_topadj_wb,2014,0.4809464646,0.5158986727,77,0.8269614302
nearest_survey,balanced,PIP_topadj_wb,2015,0.4763356462,0.5140929518,77,0.8260350925
nearest_survey,balanced,PIP_topadj_wb,2016,0.4754344268,0.5108470665,77,0.8251271921
nearest_survey,balanced,PIP_topadj_wb,2017,0.4729672133,0.504879925,77,0.8243794044
nearest_survey,balanced,PIP_topadj_wb,2018,0.4725137882,0.503997259,77,0.8236656334
nearest_survey,balanced,PIP_topadj_wb,2019,0.4675879909,0.4997580112,77,0.822763838
nearest_survey,balanced,PIP_topadj_wb,2020,0.4635015305,0.4949627724,77,0.8216676498
nearest_survey,balanced,PIP_topadj_wb,2021,0.4634627271,0.4917417381,77,0.8204475376
nearest_survey,balanced,PIP_topadj_wb,2022,0.461035451,0.4932211646,77,0.8190592529
nearest_survey,balanced,PIP_topadj_wb,2023,0.4595301505,0.4931051903,77,0.8175896
nearest_survey,balanced,PIP_topadj_wb,2024,0.4591416338,0.4922763937,77,0.8162084875
nearest_survey,balanced,WID_posttax_per_capita,1990,0.4848467234,0.4731483352,77,0.8425748467
nearest_survey,balanced,WID_posttax_per_capita,1991,0.4885478444,0.4793332561,77,0.8425843336
nearest_survey,balanced,WID_posttax_per_capita,1992,0.4900193649,0.4886255054,77,0.8421933123
nearest_survey,balanced,WID_posttax_per_capita,1993,0.49268439,0.4957350411,77,0.8415093771
nearest_survey,balanced,WID_posttax_per_capita,1994,0.4957544756,0.5031801375,77,0.8408795035
nearest_survey,balanced,WID_posttax_per_capita,1995,0.4975057809,0.5038798326,77,0.840301264
nearest_survey,balanced,WID_posttax_per_capita,1996,0.4986293678,0.5047198963,77,0.8396090575
nearest_survey,balanced,WID_posttax_per_capita,1997,0.498882614,0.5041485173,77,0.8389613693
nearest_survey,balanced,WID_posttax_per_capita,1998,0.4978705045,0.5035228369,77,0.8384102138
nearest_survey,balanced,WID_posttax_per_capita,1999,0.4970818383,0.5062770826,77,0.8379622388
nearest_survey,balanced,WID_posttax_per_capita,2000,0.4997066853,0.5131622856,77,0.8375450836
nearest_survey,balanced,WID_posttax_per_capita,2001,0.5006416456,0.5149477554,77,0.8370615544
nearest_survey,balanced,WID_posttax_per_capita,2002,0.5007183167,0.5225402141,77,0.8364059344
nearest_survey,balanced,WID_posttax_per_capita,2003,0.5018584782,0.5282049015,77,0.8357096466
nearest_survey,balanced,WID_posttax_per_capita,2004,0.5018188168,0.5296416772,77,0.8350751412
nearest_survey,balanced,WID_posttax_per_capita,2005,0.5034793335,0.5342615805,77,0.8343860518
nearest_survey,balanced,WID_posttax_per_capita,2006,0.500560464,0.5346140782,77,0.8336165058
nearest_survey,balanced,WID_posttax_per_capita,2007,0.5020678691,0.536785183,77,0.832856319
nearest_survey,balanced,WID_posttax_per_capita,2008,0.4970484498,0.5370677725,77,0.8320615983
nearest_survey,balanced,WID_posttax_per_capita,2009,0.4922945533,0.5383104567,77,0.8312611085
nearest_survey,balanced,WID_posttax_per_capita,2010,0.4933152771,0.5403323943,77,0.8304921279
nearest_survey,balanced,WID_posttax_per_capita,2011,0.4914127091,0.5416080345,77,0.8296594076
nearest_survey,balanced,WID_posttax_per_capita,2012,0.4909432745,0.539588012,77,0.8287884597
nearest_survey,balanced,WID_posttax_per_capita,2013,0.4898578101,0.5398123339,77,0.827884203
nearest_survey,balanced,WID_posttax_per_capita,2014,0.489500673,0.5392990171,77,0.8269614302
nearest_survey,balanced,WID_posttax_per_capita,2015,0.4876159587,0.5407094912,77,0.8260350925
nearest_survey,balanced,WID_posttax_per_capita,2016,0.4856740207,0.5417010906,77,0.8251271921
nearest_survey,balanced,WID_posttax_per_capita,2017,0.4864650356,0.5448245999,77,0.8243794044
nearest_survey,balanced,WID_posttax_per_capita,2018,0.4863727771,0.5444123818,77,0.8236656334
nearest_survey,balanced,WID_posttax_per_capita,2019,0.4831725031,0.5413309301,77,0.822763838
nearest_survey,balanced,WID_posttax_per_capita,2020,0.480951793,0.5379267984,77,0.8216676498
nearest_survey,balanced,WID_posttax_per_capita,2021,0.4811856241,0.539689993,77,0.8204475376
nearest_survey,balanced,WID_posttax_per_capita,2022,0.4833990793,0.542580592,77,0.8190592529
nearest_survey,balanced,WID_posttax_per_capita,2023,0.4831506901,0.5437815902,77,0.8175896
nearest_survey,balanced,WID_posttax_per_capita,2024,0.4840158464,0.5443807638,77,0.8162084875
nearest_survey,balanced,WID_pretax_per_capita,1990,0.5290887062,0.4937986806,77,0.8425748467
nearest_survey,balanced,WID_pretax_per_capita,1991,0.5343819101,0.5010200772,77,0.8425843336
nearest_survey,balanced,WID_pretax_per_capita,1992,0.5386550991,0.5122457816,77,0.8421933123
nearest_survey,balanced,WID_pretax_per_capita,1993,0.5425514317,0.5199599364,77,0.8415093771
nearest_survey,balanced,WID_pretax_per_capita,1994,0.5462353188,0.527139008,77,0.8408795035
nearest_survey,balanced,WID_pretax_per_capita,1995,0.5491555096,0.5289595869,77,0.840301264
nearest_survey,balanced,WID_pretax_per_capita,1996,0.5504145116,0.5297367313,77,0.8396090575
nearest_survey,balanced,WID_pretax_per_capita,1997,0.5509323397,0.5290137594,77,0.8389613693
nearest_survey,balanced,WID_pretax_per_capita,1998,0.5509651363,0.5280323458,77,0.8384102138
nearest_survey,balanced,WID_pretax_per_capita,1999,0.5508791637,0.5311460625,77,0.8379622388
nearest_survey,balanced,WID_pretax_per_capita,2000,0.5536791254,0.5374556511,77,0.8375450836
nearest_survey,balanced,WID_pretax_per_capita,2001,0.5550008884,0.5426966123,77,0.8370615544
nearest_survey,balanced,WID_pretax_per_capita,2002,0.5547308695,0.5510252771,77,0.8364059344
nearest_survey,balanced,WID_pretax_per_capita,2003,0.5563646573,0.5561814918,77,0.8357096466
nearest_survey,balanced,WID_pretax_per_capita,2004,0.5578056913,0.5597039641,77,0.8350751412
nearest_survey,balanced,WID_pretax_per_capita,2005,0.5605295926,0.5664219858,77,0.8343860518
nearest_survey,balanced,WID_pretax_per_capita,2006,0.5586365367,0.5684434516,77,0.8336165058
nearest_survey,balanced,WID_pretax_per_capita,2007,0.560058165,0.5714963657,77,0.832856319
nearest_survey,balanced,WID_pretax_per_capita,2008,0.5562539216,0.5740950913,77,0.8320615983
nearest_survey,balanced,WID_pretax_per_capita,2009,0.5516156852,0.5747654444,77,0.8312611085
nearest_survey,balanced,WID_pretax_per_capita,2010,0.5518520369,0.5758055881,77,0.8304921279
nearest_survey,balanced,WID_pretax_per_capita,2011,0.5500194773,0.5786959981,77,0.8296594076
nearest_survey,balanced,WID_pretax_per_capita,2012,0.549933404,0.5771706345,77,0.8287884597
nearest_survey,balanced,WID_pretax_per_capita,2013,0.5492109212,0.5782973816,77,0.827884203
nearest_survey,balanced,WID_pretax_per_capita,2014,0.5492777114,0.5781778493,77,0.8269614302
nearest_survey,balanced,WID_pretax_per_capita,2015,0.5474880482,0.5798227241,77,0.8260350925
nearest_survey,balanced,WID_pretax_per_capita,2016,0.5468912997,0.5813262384,77,0.8251271921
nearest_survey,balanced,WID_pretax_per_capita,2017,0.5480342549,0.5842802159,77,0.8243794044
nearest_survey,balanced,WID_pretax_per_capita,2018,0.548133553,0.5841607967,77,0.8236656334
nearest_survey,balanced,WID_pretax_per_capita,2019,0.5458347236,0.5814648515,77,0.822763838
nearest_survey,balanced,WID_pretax_per_capita,2020,0.5484200746,0.5818354403,77,0.8216676498
nearest_survey,balanced,WID_pretax_per_capita,2021,0.5469321921,0.5827138582,77,0.8204475376
nearest_survey,balanced,WID_pretax_per_capita,2022,0.5454313979,0.5844879897,77,0.8190592529
nearest_survey,balanced,WID_pretax_per_capita,2023,0.5446079946,0.5845688605,77,0.8175896
nearest_survey,balanced,WID_pretax_per_capita,2024,0.544534053,0.5844843114,77,0.8162084875
nearest_survey,common,PIP,1990,0.3979317467,0.3500601272,98,0.8755078369
nearest_survey,common,PIP,1991,0.398336019,0.3508479498,105,0.885746998
nearest_survey,common,PIP,1992,0.4008499972,0.354270218,108,0.8896001946
nearest_survey,common,PIP,1993,0.400986095,0.3578468964,116,0.9006433038
nearest_survey,common,PIP,1994,0.4005002583,0.3574872362,118,0.9014975291
nearest_survey,common,PIP,1995,0.4040302271,0.3659475153,122,0.9047502513
nearest_survey,common,PIP,1996,0.4058208412,0.3666348158,126,0.9067853018
nearest_survey,common,PIP,1997,0.4045514578,0.3646636334,131,0.9082795594
nearest_survey,common,PIP,1998,0.3996994252,0.3702286479,136,0.9125938589
nearest_survey,common,PIP,1999,0.3982198908,0.3728196298,140,0.9211732523
nearest_survey,common,PIP,2000,0.3974980736,0.3698069491,145,0.9221164442
nearest_survey,common,PIP,2001,0.3954911306,0.376420448,150,0.9302616113
nearest_survey,common,PIP,2002,0.3939918764,0.3745224989,150,0.9297222687
nearest_survey,common,PIP,2003,0.3949932591,0.3750235498,152,0.9501156878
nearest_survey,common,PIP,2004,0.3941004979,0.3725153567,153,0.9557380047
nearest_survey,common,PIP,2005,0.3930374913,0.3733712063,154,0.9555424394
nearest_survey,common,PIP,2006,0.3897028691,0.3721637868,157,0.9629472715
nearest_survey,common,PIP,2007,0.3862380582,0.3742469994,158,0.9627458032
nearest_survey,common,PIP,2008,0.3845282648,0.3733441792,158,0.963166972
nearest_survey,common,PIP,2009,0.3823292957,0.3718233177,157,0.9589768922
nearest_survey,common,PIP,2010,0.3803747786,0.3727758825,158,0.9654584308
nearest_survey,common,PIP,2011,0.3782503511,0.3715209662,157,0.9637826245
nearest_survey,common,PIP,2012,0.3781956829,0.3704542603,158,0.9602577744
nearest_survey,common,PIP,2013,0.3768626477,0.3659231307,161,0.960479543
nearest_survey,common,PIP,2014,0.3764408215,0.3650812066,162,0.9596402296
nearest_survey,common,PIP,2015,0.3735249149,0.3634830877,160,0.9556539092
nearest_survey,common,PIP,2016,0.3723041913,0.3627356465,159,0.9552758132
nearest_survey,common,PIP,2017,0.368976124,0.3570446917,161,0.9556281646
nearest_survey,common,PIP,2018,0.3672891846,0.3558145543,158,0.9541806667
nearest_survey,common,PIP,2019,0.363969007,0.3531004784,155,0.9495027883
nearest_survey,common,PIP,2020,0.362317737,0.3474642655,151,0.9378961709
nearest_survey,common,PIP,2021,0.3576306859,0.3451816703,147,0.9368576244
nearest_survey,common,PIP,2022,0.3545737802,0.3460932256,142,0.930063273
nearest_survey,common,PIP,2023,0.3525136533,0.3461264553,134,0.920359542
nearest_survey,common,PIP,2024,0.350423248,0.3438834524,126,0.9025910072
nearest_survey,common,PIP_consinc,1990,0.4504652378,0.4397262933,98,0.8755078369
nearest_survey,common,PIP_consinc,1991,0.4537260412,0.4408720675,105,0.885746998
nearest_survey,common,PIP_consinc,1992,0.4567828392,0.4436422638,108,0.8896001946
nearest_survey,common,PIP_consinc,1993,0.4605087686,0.4483952462,116,0.9006433038
nearest_survey,common,PIP_consinc,1994,0.4622156783,0.4487484905,118,0.9014975291
nearest_survey,common,PIP_consinc,1995,0.4698232553,0.4565650669,122,0.9047502513
nearest_survey,common,PIP_consinc,1996,0.4717081,0.457720823,126,0.9067853018
nearest_survey,common,PIP_consinc,1997,0.4752019845,0.4566103787,131,0.9082795594
nearest_survey,common,PIP_consinc,1998,0.4730905396,0.4605556611,136,0.9125938589
nearest_survey,common,PIP_consinc,1999,0.4719605049,0.4640762509,140,0.9211732523
nearest_survey,common,PIP_consinc,2000,0.4732951078,0.4614558404,145,0.9221164442
nearest_survey,common,PIP_consinc,2001,0.4735541422,0.4676237246,150,0.9302616113
nearest_survey,common,PIP_consinc,2002,0.4723626326,0.4659966864,150,0.9297222687
nearest_survey,common,PIP_consinc,2003,0.4729586846,0.4644005378,152,0.9501156878
nearest_survey,common,PIP_consinc,2004,0.4720440527,0.4623500617,153,0.9557380047
nearest_survey,common,PIP_consinc,2005,0.4689208036,0.4630880417,154,0.9555424394
nearest_survey,common,PIP_consinc,2006,0.4663933891,0.4621373361,157,0.9629472715
nearest_survey,common,PIP_consinc,2007,0.4654667266,0.4641843415,158,0.9627458032
nearest_survey,common,PIP_consinc,2008,0.4616327721,0.4630098064,158,0.963166972
nearest_survey,common,PIP_consinc,2009,0.4577807895,0.4614193754,157,0.9589768922
nearest_survey,common,PIP_consinc,2010,0.4538208951,0.4624115073,158,0.9654584308
nearest_survey,common,PIP_consinc,2011,0.4506780996,0.4615625609,157,0.9637826245
nearest_survey,common,PIP_consinc,2012,0.4501054399,0.4608572265,158,0.9602577744
nearest_survey,common,PIP_consinc,2013,0.4502699723,0.4574377708,161,0.960479543
nearest_survey,common,PIP_consinc,2014,0.4487542161,0.4562156974,162,0.9596402296
nearest_survey,common,PIP_consinc,2015,0.445670376,0.4551747452,160,0.9556539092
nearest_survey,common,PIP_consinc,2016,0.4432243431,0.4540023036,159,0.9552758132
nearest_survey,common,PIP_consinc,2017,0.4399603755,0.4478740372,161,0.9556281646
nearest_survey,common,PIP_consinc,2018,0.4383278326,0.4472442918,158,0.9541806667
nearest_survey,common,PIP_consinc,2019,0.4343691006,0.4450106648,155,0.9495027883
nearest_survey,common,PIP_consinc,2020,0.4300204837,0.4382305358,151,0.9378961709
nearest_survey,common,PIP_consinc,2021,0.4237779767,0.4338809481,147,0.9368576244
nearest_survey,common,PIP_consinc,2022,0.4185662072,0.4342777411,142,0.930063273
nearest_survey,common,PIP_consinc,2023,0.4154085233,0.4344198627,134,0.920359542
nearest_survey,common,PIP_consinc,2024,0.4119546932,0.4320119592,126,0.9025910072
nearest_survey,common,PIP_consinc_wb,1990,0.4557701244,0.4492139912,98,0.8755078369
nearest_survey,common,PIP_consinc_wb,1991,0.4584855147,0.4502582839,105,0.885746998
nearest_survey,common,PIP_consinc_wb,1992,0.4618056451,0.4534747291,108,0.8896001946
nearest_survey,common,PIP_consinc_wb,1993,0.4646429346,0.457557111,116,0.9006433038
nearest_survey,common,PIP_consinc_wb,1994,0.464923292,0.4568225336,118,0.9014975291
nearest_survey,common,PIP_consinc_wb,1995,0.4723207901,0.4648745384,122,0.9047502513
nearest_survey,common,PIP_consinc_wb,1996,0.4734743417,0.4655077116,126,0.9067853018
nearest_survey,common,PIP_consinc_wb,1997,0.4758101595,0.4638724391,131,0.9082795594
nearest_survey,common,PIP_consinc_wb,1998,0.4736781876,0.4683095112,136,0.9125938589
nearest_survey,common,PIP_consinc_wb,1999,0.473075031,0.4714293062,140,0.9211732523
nearest_survey,common,PIP_consinc_wb,2000,0.4748417196,0.4687351146,145,0.9221164442
nearest_survey,common,PIP_consinc_wb,2001,0.4732982997,0.4732501222,150,0.9302616113
nearest_survey,common,PIP_consinc_wb,2002,0.4710298988,0.4704886818,150,0.9297222687
nearest_survey,common,PIP_consinc_wb,2003,0.4714009638,0.4684243299,152,0.9501156878
nearest_survey,common,PIP_consinc_wb,2004,0.4702655386,0.463125031,153,0.9557380047
nearest_survey,common,PIP_consinc_wb,2005,0.4678741823,0.4637174657,154,0.9555424394
nearest_survey,common,PIP_consinc_wb,2006,0.4636377121,0.4623544595,157,0.9629472715
nearest_survey,common,PIP_consinc_wb,2007,0.4610505858,0.4612839295,158,0.9627458032
nearest_survey,common,PIP_consinc_wb,2008,0.4565117588,0.4594867085,158,0.963166972
nearest_survey,common,PIP_consinc_wb,2009,0.45300399,0.458125447,157,0.9589768922
nearest_survey,common,PIP_consinc_wb,2010,0.4492766769,0.4574341899,158,0.9654584308
nearest_survey,common,PIP_consinc_wb,2011,0.4459597822,0.4543651743,157,0.9637826245
nearest_survey,common,PIP_consinc_wb,2012,0.4451223554,0.4523878953,158,0.9602577744
nearest_survey,common,PIP_consinc_wb,2013,0.4433969798,0.4463188974,161,0.960479543
nearest_survey,common,PIP_consinc_wb,2014,0.4416602306,0.4441935462,162,0.9596402296
nearest_survey,common,PIP_consinc_wb,2015,0.437704814,0.4419070409,160,0.9556539092
nearest_survey,common,PIP_consinc_wb,2016,0.4358405252,0.4400575142,159,0.9552758132
nearest_survey,common,PIP_consinc_wb,2017,0.4320003704,0.4288657605,161,0.9556281646
nearest_survey,common,PIP_consinc_wb,2018,0.4291274308,0.4271695066,158,0.9541806667
nearest_survey,common,PIP_consinc_wb,2019,0.4247926379,0.4240123134,155,0.9495027883
nearest_survey,common,PIP_consinc_wb,2020,0.4206442338,0.4167047187,151,0.9378961709
nearest_survey,common,PIP_consinc_wb,2021,0.4145691295,0.4123096716,147,0.9368576244
nearest_survey,common,PIP_consinc_wb,2022,0.4089579394,0.4132475921,142,0.930063273
nearest_survey,common,PIP_consinc_wb,2023,0.4055536439,0.4133024547,134,0.920359542
nearest_survey,common,PIP_consinc_wb,2024,0.4016438694,0.4101629074,126,0.9025910072
nearest_survey,common,PIP_topadj,1990,0.5104183731,0.4924568295,98,0.8755078369
nearest_survey,common,PIP_topadj,1991,0.5145273985,0.4936378648,105,0.885746998
nearest_survey,common,PIP_topadj,1992,0.518982502,0.4989029356,108,0.8896001946
nearest_survey,common,PIP_topadj,1993,0.5224133872,0.5028581127,116,0.9006433038
nearest_survey,common,PIP_topadj,1994,0.5251328075,0.5040469009,118,0.9014975291
nearest_survey,common,PIP_topadj,1995,0.532517968,0.51350594,122,0.9047502513
nearest_survey,common,PIP_topadj,1996,0.5342019527,0.5146908598,126,0.9067853018
nearest_survey,common,PIP_topadj,1997,0.5379172881,0.5144199872,131,0.9082795594
nearest_survey,common,PIP_topadj,1998,0.5343219624,0.5166984518,136,0.9125938589
nearest_survey,common,PIP_topadj,1999,0.5333006518,0.5270579248,140,0.9211732523
nearest_survey,common,PIP_topadj,2000,0.5350424923,0.5269993476,145,0.9221164442
nearest_survey,common,PIP_topadj,2001,0.5354358577,0.5356313822,150,0.9302616113
nearest_survey,common,PIP_topadj,2002,0.5338115287,0.5324204519,150,0.9297222687
nearest_survey,common,PIP_topadj,2003,0.5354835618,0.5309656306,152,0.9501156878
nearest_survey,common,PIP_topadj,2004,0.5343866462,0.531437316,153,0.9557380047
nearest_survey,common,PIP_topadj,2005,0.5315982297,0.5326506372,154,0.9555424394
nearest_survey,common,PIP_topadj,2006,0.5285220733,0.5315874199,157,0.9629472715
nearest_survey,common,PIP_topadj,2007,0.5283848045,0.5354150447,158,0.9627458032
nearest_survey,common,PIP_topadj,2008,0.523802357,0.534764014,158,0.963166972
nearest_survey,common,PIP_topadj,2009,0.5193229813,0.5328020207,157,0.9589768922
nearest_survey,common,PIP_topadj,2010,0.5169757507,0.5341641566,158,0.9654584308
nearest_survey,common,PIP_topadj,2011,0.5148344391,0.5337012371,157,0.9637826245
nearest_survey,common,PIP_topadj,2012,0.5139128223,0.5321136115,158,0.9602577744
nearest_survey,common,PIP_topadj,2013,0.5149669707,0.5284049294,161,0.960479543
nearest_survey,common,PIP_topadj,2014,0.5146117358,0.5281670317,162,0.9596402296
nearest_survey,common,PIP_topadj,2015,0.5112331398,0.5275788292,160,0.9556539092
nearest_survey,common,PIP_topadj,2016,0.5077711201,0.5254676871,159,0.9552758132
nearest_survey,common,PIP_topadj,2017,0.5045150649,0.5234258462,161,0.9556281646
nearest_survey,common,PIP_topadj,2018,0.5027559845,0.5236995096,158,0.9541806667
nearest_survey,common,PIP_topadj,2019,0.4982161532,0.5207371965,155,0.9495027883
nearest_survey,common,PIP_topadj,2020,0.4937574636,0.5161363583,151,0.9378961709
nearest_survey,common,PIP_topadj,2021,0.489077029,0.5136128221,147,0.9368576244
nearest_survey,common,PIP_topadj,2022,0.4830912001,0.5137928681,142,0.930063273
nearest_survey,common,PIP_topadj,2023,0.4802763141,0.5142980305,134,0.920359542
nearest_survey,common,PIP_topadj,2024,0.4767227223,0.5123475498,126,0.9025910072
nearest_survey,common,PIP_topadj_wb,1990,0.5146126381,0.5007375291,98,0.8755078369
nearest_survey,common,PIP_topadj_wb,1991,0.5182666563,0.501829812,105,0.885746998
nearest_survey,common,PIP_topadj_wb,1992,0.5227684425,0.5073565245,108,0.8896001946
nearest_survey,common,PIP_topadj_wb,1993,0.5253714491,0.5107193997,116,0.9006433038
nearest_survey,common,PIP_topadj_wb,1994,0.5269364948,0.5110116803,118,0.9014975291
nearest_survey,common,PIP_topadj_wb,1995,0.5345946716,0.5208546752,122,0.9047502513
nearest_survey,common,PIP_topadj_wb,1996,0.5358994782,0.5215949473,126,0.9067853018
nearest_survey,common,PIP_topadj_wb,1997,0.5384981716,0.5208207881,131,0.9082795594
nearest_survey,common,PIP_topadj_wb,1998,0.5350317495,0.5238623958,136,0.9125938589
nearest_survey,common,PIP_topadj_wb,1999,0.5344981869,0.5338298523,140,0.9211732523
nearest_survey,common,PIP_topadj_wb,2000,0.5361752641,0.5333872522,145,0.9221164442
nearest_survey,common,PIP_topadj_wb,2001,0.5348910277,0.5404846285,150,0.9302616113
nearest_survey,common,PIP_topadj_wb,2002,0.5323155449,0.5363030583,150,0.9297222687
nearest_survey,common,PIP_topadj_wb,2003,0.5335714613,0.5344360682,152,0.9501156878
nearest_survey,common,PIP_topadj_wb,2004,0.5321506547,0.5320374478,153,0.9557380047
nearest_survey,common,PIP_topadj_wb,2005,0.5305011621,0.5331891643,154,0.9555424394
nearest_survey,common,PIP_topadj_wb,2006,0.5256384752,0.5317653654,157,0.9629472715
nearest_survey,common,PIP_topadj_wb,2007,0.5249742908,0.5334916625,158,0.9627458032
nearest_survey,common,PIP_topadj_wb,2008,0.5198028503,0.5323037872,158,0.963166972
nearest_survey,common,PIP_topadj_wb,2009,0.5154060749,0.5304806441,157,0.9589768922
nearest_survey,common,PIP_topadj_wb,2010,0.5129381113,0.5301402296,158,0.9654584308
nearest_survey,common,PIP_topadj_wb,2011,0.5107337745,0.5278734804,157,0.9637826245
nearest_survey,common,PIP_topadj_wb,2012,0.509601717,0.5251910354,158,0.9602577744
nearest_survey,common,PIP_topadj_wb,2013,0.509092881,0.5191833854,161,0.960479543
nearest_survey,common,PIP_topadj_wb,2014,0.508589163,0.5181728908,162,0.9596402296
nearest_survey,common,PIP_topadj_wb,2015,0.5044559787,0.5164998724,160,0.9556539092
nearest_survey,common,PIP_topadj_wb,2016,0.5014492272,0.5137924324,159,0.9552758132
nearest_survey,common,PIP_topadj_wb,2017,0.4977992542,0.5079674904,161,0.9556281646
nearest_survey,common,PIP_topadj_wb,2018,0.4950783788,0.5073753586,158,0.9541806667
nearest_survey,common,PIP_topadj_wb,2019,0.4902291549,0.5036029349,155,0.9495027883
nearest_survey,common,PIP_topadj_wb,2020,0.4859669118,0.4986743221,151,0.9378961709
nearest_survey,common,PIP_topadj_wb,2021,0.4813479629,0.4959845521,147,0.9368576244
nearest_survey,common,PIP_topadj_wb,2022,0.4754247666,0.4967176219,142,0.930063273
nearest_survey,common,PIP_topadj_wb,2023,0.472024813,0.4970889615,134,0.920359542
nearest_survey,common,PIP_topadj_wb,2024,0.4680976867,0.4945600405,126,0.9025910072
nearest_survey,common,WID_posttax_per_capita,1990,0.5092104316,0.4756936024,98,0.8755078369
nearest_survey,common,WID_posttax_per_capita,1991,0.5139841147,0.4830585634,105,0.885746998
nearest_survey,common,WID_posttax_per_capita,1992,0.5201976825,0.4931080717,108,0.8896001946
nearest_survey,common,WID_posttax_per_capita,1993,0.5216102112,0.5002075104,116,0.9006433038
nearest_survey,common,WID_posttax_per_capita,1994,0.5251069541,0.5075109912,118,0.9014975291
nearest_survey,common,WID_posttax_per_capita,1995,0.5303015957,0.5093227575,122,0.9047502513
nearest_survey,common,WID_posttax_per_capita,1996,0.5345623104,0.510663076,126,0.9067853018
nearest_survey,common,WID_posttax_per_capita,1997,0.5334573933,0.510135786,131,0.9082795594
nearest_survey,common,WID_posttax_per_capita,1998,0.5294200824,0.5097070295,136,0.9125938589
nearest_survey,common,WID_posttax_per_capita,1999,0.5296129519,0.5129742883,140,0.9211732523
nearest_survey,common,WID_posttax_per_capita,2000,0.5292750101,0.5192628125,145,0.9221164442
nearest_survey,common,WID_posttax_per_capita,2001,0.5275047147,0.520037636,150,0.9302616113
nearest_survey,common,WID_posttax_per_capita,2002,0.526870527,0.5269173715,150,0.9297222687
nearest_survey,common,WID_posttax_per_capita,2003,0.5278285078,0.5309698543,152,0.9501156878
nearest_survey,common,WID_posttax_per_capita,2004,0.5274803165,0.5325579831,153,0.9557380047
nearest_survey,common,WID_posttax_per_capita,2005,0.526291763,0.5366546807,154,0.9555424394
nearest_survey,common,WID_posttax_per_capita,2006,0.5257128214,0.5372653991,157,0.9629472715
nearest_survey,common,WID_posttax_per_capita,2007,0.5272654122,0.5392967074,158,0.9627458032
nearest_survey,common,WID_posttax_per_capita,2008,0.5233131706,0.5392160312,158,0.963166972
nearest_survey,common,WID_posttax_per_capita,2009,0.5191435827,0.5396912236,157,0.9589768922
nearest_survey,common,WID_posttax_per_capita,2010,0.5209513035,0.5421290556,158,0.9654584308
nearest_survey,common,WID_posttax_per_capita,2011,0.519809487,0.543014006,157,0.9637826245
nearest_survey,common,WID_posttax_per_capita,2012,0.5196254209,0.541114991,158,0.9602577744
nearest_survey,common,WID_posttax_per_capita,2013,0.5210905267,0.5413710309,161,0.960479543
nearest_survey,common,WID_posttax_per_capita,2014,0.5182169816,0.5408409401,162,0.9596402296
nearest_survey,common,WID_posttax_per_capita,2015,0.5163018499,0.5420182544,160,0.9556539092
nearest_survey,common,WID_posttax_per_capita,2016,0.5149352778,0.543223479,159,0.9552758132
nearest_survey,common,WID_posttax_per_capita,2017,0.515134735,0.5459315101,161,0.9556281646
nearest_survey,common,WID_posttax_per_capita,2018,0.5136624528,0.5455166983,158,0.9541806667
nearest_survey,common,WID_posttax_per_capita,2019,0.51112596,0.5428626621,155,0.9495027883
nearest_survey,common,WID_posttax_per_capita,2020,0.5066740961,0.5391359609,151,0.9378961709
nearest_survey,common,WID_posttax_per_capita,2021,0.504801026,0.5407807584,147,0.9368576244
nearest_survey,common,WID_posttax_per_capita,2022,0.5031962456,0.5432861317,142,0.930063273
nearest_survey,common,WID_posttax_per_capita,2023,0.501106295,0.5449081038,134,0.920359542
nearest_survey,common,WID_posttax_per_capita,2024,0.4981647044,0.5446988675,126,0.9025910072
nearest_survey,common,WID_pretax_per_capita,1990,0.5505730967,0.4964992731,98,0.8755078369
nearest_survey,common,WID_pretax_per_capita,1991,0.5550702665,0.5047830513,105,0.885746998
nearest_survey,common,WID_pretax_per_capita,1992,0.5628305138,0.5166542783,108,0.8896001946
nearest_survey,common,WID_pretax_per_capita,1993,0.563978979,0.5243279267,116,0.9006433038
nearest_survey,common,WID_pretax_per_capita,1994,0.567818431,0.5313835724,118,0.9014975291
nearest_survey,common,WID_pretax_per_capita,1995,0.5721400126,0.5340710224,122,0.9047502513
nearest_survey,common,WID_pretax_per_capita,1996,0.5756635524,0.5353654405,126,0.9067853018
nearest_survey,common,WID_pretax_per_capita,1997,0.5746987687,0.5348857576,131,0.9082795594
nearest_survey,common,WID_pretax_per_capita,1998,0.5713770271,0.534125093,136,0.9125938589
nearest_survey,common,WID_pretax_per_capita,1999,0.5718695147,0.5375646988,140,0.9211732523
nearest_survey,common,WID_pretax_per_capita,2000,0.5715494897,0.5433277108,145,0.9221164442
nearest_survey,common,WID_pretax_per_capita,2001,0.5702180571,0.5473132802,150,0.9302616113
nearest_survey,common,WID_pretax_per_capita,2002,0.5692925322,0.5547861706,150,0.9297222687
nearest_survey,common,WID_pretax_per_capita,2003,0.5707201728,0.559017709,152,0.9501156878
nearest_survey,common,WID_pretax_per_capita,2004,0.5709223567,0.5624517921,153,0.9557380047
nearest_survey,common,WID_pretax_per_capita,2005,0.5710339778,0.5685476999,154,0.9555424394
nearest_survey,common,WID_pretax_per_capita,2006,0.5710875768,0.570767671,157,0.9629472715
nearest_survey,common,WID_pretax_per_capita,2007,0.5723272534,0.5736554116,158,0.9627458032
nearest_survey,common,WID_pretax_per_capita,2008,0.5694737276,0.5755257883,158,0.963166972
nearest_survey,common,WID_pretax_per_capita,2009,0.5662684178,0.5755812938,157,0.9589768922
nearest_survey,common,WID_pretax_per_capita,2010,0.5670208433,0.5769277107,158,0.9654584308
nearest_survey,common,WID_pretax_per_capita,2011,0.5665066125,0.5793751403,157,0.9637826245
nearest_survey,common,WID_pretax_per_capita,2012,0.5667675362,0.5779959412,158,0.9602577744
nearest_survey,common,WID_pretax_per_capita,2013,0.5682049349,0.5791325689,161,0.960479543
nearest_survey,common,WID_pretax_per_capita,2014,0.5661385407,0.5790379155,162,0.9596402296
nearest_survey,common,WID_pretax_per_capita,2015,0.5642494488,0.5804699214,160,0.9556539092
nearest_survey,common,WID_pretax_per_capita,2016,0.5641311435,0.5820652612,159,0.9552758132
nearest_survey,common,WID_pretax_per_capita,2017,0.5641291271,0.5844985116,161,0.9556281646
nearest_survey,common,WID_pretax_per_capita,2018,0.5630573739,0.5844004285,158,0.9541806667
nearest_survey,common,WID_pretax_per_capita,2019,0.5612143048,0.5821750121,155,0.9495027883
nearest_survey,common,WID_pretax_per_capita,2020,0.561910545,0.5824333573,151,0.9378961709
nearest_survey,common,WID_pretax_per_capita,2021,0.5579796516,0.583206069,147,0.9368576244
nearest_survey,common,WID_pretax_per_capita,2022,0.5549582898,0.5847567962,142,0.930063273
nearest_survey,common,WID_pretax_per_capita,2023,0.5535216325,0.5855037286,134,0.920359542
nearest_survey,common,WID_pretax_per_capita,2024,0.5514983462,0.5850635796,126,0.9025910072
nearest_survey,common_ex_ci,PIP,1990,0.4001463235,0.391400227,96,0.4964427175
nearest_survey,common_ex_ci,PIP,1991,0.4004079405,0.392077646,103,0.5063657025
nearest_survey,common_ex_ci,PIP,1992,0.4027582134,0.3910093531,106,0.5102674636
nearest_survey,common_ex_ci,PIP,1993,0.4027627891,0.396533726,114,0.5214061915
nearest_survey,common_ex_ci,PIP,1994,0.4022379432,0.3959613851,116,0.5224547388
nearest_survey,common_ex_ci,PIP,1995,0.4056480356,0.404544046,120,0.5259343517
nearest_survey,common_ex_ci,PIP,1996,0.4074153431,0.4057149713,124,0.5281929859
nearest_survey,common_ex_ci,PIP,1997,0.406064477,0.4023596032,129,0.5299660827
nearest_survey,common_ex_ci,PIP,1998,0.4008253157,0.3981997028,134,0.5345901761
nearest_survey,common_ex_ci,PIP,1999,0.3991893809,0.397924966,138,0.5435075025
nearest_survey,common_ex_ci,PIP,2000,0.39842357,0.3929604342,143,0.5447924272
nearest_survey,common_ex_ci,PIP,2001,0.396138628,0.3919028175,148,0.5533002525
nearest_survey,common_ex_ci,PIP,2002,0.3946191135,0.3889776301,148,0.5532897387
nearest_survey,common_ex_ci,PIP,2003,0.3956254849,0.3895188068,150,0.5743432704
nearest_survey,common_ex_ci,PIP,2004,0.3947873992,0.3891480208,151,0.580643564
nearest_survey,common_ex_ci,PIP,2005,0.3937058866,0.3907268172,152,0.5811661245
nearest_survey,common_ex_ci,PIP,2006,0.3903153003,0.3886754403,155,0.5893781936
nearest_survey,common_ex_ci,PIP,2007,0.3866568431,0.3847398987,156,0.5901393418
nearest_survey,common_ex_ci,PIP,2008,0.3849251293,0.3834122577,156,0.5916126558
nearest_survey,common_ex_ci,PIP,2009,0.3827003468,0.3811522634,155,0.5883618561
nearest_survey,common_ex_ci,PIP,2010,0.3806666775,0.3801352443,156,0.5956941893
nearest_survey,common_ex_ci,PIP,2011,0.3785638249,0.3807969577,155,0.5949377389
nearest_survey,common_ex_ci,PIP,2012,0.3785183693,0.3798315723,156,0.5923241403
nearest_survey,common_ex_ci,PIP,2013,0.3773134435,0.3802450504,159,0.5934602187
nearest_survey,common_ex_ci,PIP,2014,0.3769183325,0.3807105339,160,0.5936433539
nearest_survey,common_ex_ci,PIP,2015,0.3740085366,0.3800997145,158,0.5908045223
nearest_survey,common_ex_ci,PIP,2016,0.3727831079,0.379302559,157,0.5915198878
nearest_survey,common_ex_ci,PIP,2017,0.369549535,0.3768590773,159,0.5928694243
nearest_survey,common_ex_ci,PIP,2018,0.3678877723,0.3766832197,156,0.592572684
nearest_survey,common_ex_ci,PIP,2019,0.3645560937,0.3734455488,153,0.5892436834
nearest_survey,common_ex_ci,PIP,2020,0.3629692673,0.3680456984,149,0.5790427342
nearest_survey,common_ex_ci,PIP,2021,0.3583273696,0.3685130315,145,0.5795460821
nearest_survey,common_ex_ci,PIP,2022,0.3552332417,0.3694186652,140,0.5744894775
nearest_survey,common_ex_ci,PIP,2023,0.3531818681,0.3698459537,132,0.5666315742
nearest_survey,common_ex_ci,PIP,2024,0.3511008573,0.3669117774,124,0.5507292808
nearest_survey,common_ex_ci,PIP_consinc,1990,0.451169382,0.4544385627,96,0.4964427175
nearest_survey,common_ex_ci,PIP_consinc,1991,0.4544456475,0.4562334214,103,0.5063657025
nearest_survey,common_ex_ci,PIP_consinc,1992,0.457415977,0.4555015889,106,0.5102674636
nearest_survey,common_ex_ci,PIP_consinc,1993,0.4611628429,0.4635771227,114,0.5214061915
nearest_survey,common_ex_ci,PIP_consinc,1994,0.4628879049,0.4642750207,116,0.5224547388
nearest_survey,common_ex_ci,PIP_consinc,1995,0.4704968052,0.472753676,120,0.5259343517
nearest_survey,common_ex_ci,PIP_consinc,1996,0.4723903232,0.4748139688,124,0.5281929859
nearest_survey,common_ex_ci,PIP_consinc,1997,0.4759119337,0.4729991349,129,0.5299660827
nearest_survey,common_ex_ci,PIP_consinc,1998,0.473520365,0.4681383981,134,0.5345901761
nearest_survey,common_ex_ci,PIP_consinc,1999,0.4722425349,0.4690372974,138,0.5435075025
nearest_survey,common_ex_ci,PIP_consinc,2000,0.4735859424,0.4647649249,143,0.5447924272
nearest_survey,common_ex_ci,PIP_consinc,2001,0.4736508305,0.4649838528,148,0.5533002525
nearest_survey,common_ex_ci,PIP_consinc,2002,0.4724432194,0.4624913896,148,0.5532897387
nearest_survey,common_ex_ci,PIP_consinc,2003,0.4730461442,0.4602075172,150,0.5743432704
nearest_survey,common_ex_ci,PIP_consinc,2004,0.4721781619,0.4601922246,151,0.580643564
nearest_survey,common_ex_ci,PIP_consinc,2005,0.4690129351,0.4615935494,152,0.5811661245
nearest_survey,common_ex_ci,PIP_consinc,2006,0.4664511256,0.4602308786,155,0.5893781936
nearest_survey,common_ex_ci,PIP_consinc,2007,0.4653892824,0.4574546687,156,0.5901393418
nearest_survey,common_ex_ci,PIP_consinc,2008,0.4615061746,0.4557409441,156,0.5916126558
nearest_survey,common_ex_ci,PIP_consinc,2009,0.4576036723,0.4532823182,155,0.5883618561
nearest_survey,common_ex_ci,PIP_consinc,2010,0.4535455359,0.4527081389,156,0.5956941893
nearest_survey,common_ex_ci,PIP_consinc,2011,0.4504009852,0.4536691807,155,0.5949377389
nearest_survey,common_ex_ci,PIP_consinc,2012,0.4498392148,0.4534571728,156,0.5923241403
nearest_survey,common_ex_ci,PIP_consinc,2013,0.4501300081,0.4541065772,159,0.5934602187
nearest_survey,common_ex_ci,PIP_consinc,2014,0.4486338543,0.4541385351,160,0.5936433539
nearest_survey,common_ex_ci,PIP_consinc,2015,0.4455382583,0.4539717134,158,0.5908045223
nearest_survey,common_ex_ci,PIP_consinc,2016,0.4430676925,0.452529858,157,0.5915198878
nearest_survey,common_ex_ci,PIP_consinc,2017,0.4399196663,0.4500618148,159,0.5928694243
nearest_survey,common_ex_ci,PIP_consinc,2018,0.4382991356,0.4507835504,156,0.592572684
nearest_survey,common_ex_ci,PIP_consinc,2019,0.434295462,0.4476620904,153,0.5892436834
nearest_survey,common_ex_ci,PIP_consinc,2020,0.4299253996,0.4386616628,149,0.5790427342
nearest_survey,common_ex_ci,PIP_consinc,2021,0.4236860474,0.4358806474,145,0.5795460821
nearest_survey,common_ex_ci,PIP_consinc,2022,0.418383666,0.43609593,140,0.5744894775
nearest_survey,common_ex_ci,PIP_consinc,2023,0.4151670753,0.4364957385,132,0.5666315742
nearest_survey,common_ex_ci,PIP_consinc,2024,0.411641961,0.43276308,124,0.5507292808
nearest_survey,common_ex_ci,PIP_consinc_wb,1990,0.4563486837,0.4604109572,96,0.4964427175
nearest_survey,common_ex_ci,PIP_consinc_wb,1991,0.4590774804,0.462142997,103,0.5063657025
nearest_survey,common_ex_ci,PIP_consinc_wb,1992,0.4623011726,0.4614541811,106,0.5102674636
nearest_survey,common_ex_ci,PIP_consinc_wb,1993,0.4651534653,0.4685298677,114,0.5214061915
nearest_survey,common_ex_ci,PIP_consinc_wb,1994,0.4654298541,0.4674389255,116,0.5224547388
nearest_survey,common_ex_ci,PIP_consinc_wb,1995,0.4728412608,0.47694783,120,0.5259343517
nearest_survey,common_ex_ci,PIP_consinc_wb,1996,0.4739966287,0.4782084568,124,0.5281929859
nearest_survey,common_ex_ci,PIP_consinc_wb,1997,0.4763484171,0.4755911238,129,0.5299660827
nearest_survey,common_ex_ci,PIP_consinc_wb,1998,0.4739230508,0.4706819889,134,0.5345901761
nearest_survey,common_ex_ci,PIP_consinc_wb,1999,0.4731813751,0.4709139721,138,0.5435075025
nearest_survey,common_ex_ci,PIP_consinc_wb,2000,0.4749690543,0.4666152235,143,0.5447924272
nearest_survey,common_ex_ci,PIP_consinc_wb,2001,0.4732400236,0.4657218402,148,0.5533002525
nearest_survey,common_ex_ci,PIP_consinc_wb,2002,0.4709409686,0.4614041209,148,0.5532897387
nearest_survey,common_ex_ci,PIP_consinc_wb,2003,0.4713181669,0.4586289338,150,0.5743432704
nearest_survey,common_ex_ci,PIP_consinc_wb,2004,0.4703205421,0.4582461839,151,0.580643564
nearest_survey,common_ex_ci,PIP_consinc_wb,2005,0.4678973587,0.4594541049,152,0.5811661245
nearest_survey,common_ex_ci,PIP_consinc_wb,2006,0.4636057758,0.4574973084,155,0.5893781936
nearest_survey,common_ex_ci,PIP_consinc_wb,2007,0.4609318689,0.4530837596,156,0.5901393418
nearest_survey,common_ex_ci,PIP_consinc_wb,2008,0.4563348518,0.4503946008,156,0.5916126558
nearest_survey,common_ex_ci,PIP_consinc_wb,2009,0.4527806801,0.4483331859,155,0.5883618561
nearest_survey,common_ex_ci,PIP_consinc_wb,2010,0.4489963831,0.4469985478,156,0.5956941893
nearest_survey,common_ex_ci,PIP_consinc_wb,2011,0.445743463,0.4477056114,155,0.5949377389
nearest_survey,common_ex_ci,PIP_consinc_wb,2012,0.4449393572,0.4467615455,156,0.5923241403
nearest_survey,common_ex_ci,PIP_consinc_wb,2013,0.4433984556,0.4473595588,159,0.5934602187
nearest_survey,common_ex_ci,PIP_consinc_wb,2014,0.4417027154,0.4471838208,160,0.5936433539
nearest_survey,common_ex_ci,PIP_consinc_wb,2015,0.4377582654,0.4465875432,158,0.5908045223
nearest_survey,common_ex_ci,PIP_consinc_wb,2016,0.4358969647,0.4449481818,157,0.5915198878
nearest_survey,common_ex_ci,PIP_consinc_wb,2017,0.4323226363,0.4419089165,159,0.5928694243
nearest_survey,common_ex_ci,PIP_consinc_wb,2018,0.4294755774,0.4419930608,156,0.592572684
nearest_survey,common_ex_ci,PIP_consinc_wb,2019,0.4251248164,0.4386633028,153,0.5892436834
nearest_survey,common_ex_ci,PIP_consinc_wb,2020,0.4209939886,0.43015589,149,0.5790427342
nearest_survey,common_ex_ci,PIP_consinc_wb,2021,0.4149808626,0.4292149531,145,0.5795460821
nearest_survey,common_ex_ci,PIP_consinc_wb,2022,0.4092829242,0.429985008,140,0.5744894775
nearest_survey,common_ex_ci,PIP_consinc_wb,2023,0.4058467446,0.4303555011,132,0.5666315742
nearest_survey,common_ex_ci,PIP_consinc_wb,2024,0.4018928189,0.4257577435,124,0.5507292808
nearest_survey,common_ex_ci,PIP_topadj,1990,0.5113673084,0.5123784983,96,0.4964427175
nearest_survey,common_ex_ci,PIP_topadj,1991,0.5154916299,0.5140967073,103,0.5063657025
nearest_survey,common_ex_ci,PIP_topadj,1992,0.5198310002,0.515439911,106,0.5102674636
nearest_survey,common_ex_ci,PIP_topadj,1993,0.5232625327,0.5219866873,114,0.5214061915
nearest_survey,common_ex_ci,PIP_topadj,1994,0.5260141991,0.5240648307,116,0.5224547388
nearest_survey,common_ex_ci,PIP_topadj,1995,0.5333831957,0.5349549005,120,0.5259343517
nearest_survey,common_ex_ci,PIP_topadj,1996,0.5350664309,0.536988161,124,0.5281929859
nearest_survey,common_ex_ci,PIP_topadj,1997,0.5388058615,0.536538424,129,0.5299660827
nearest_survey,common_ex_ci,PIP_topadj,1998,0.5349102569,0.5291773465,134,0.5345901761
nearest_survey,common_ex_ci,PIP_topadj,1999,0.5334967903,0.5310742472,138,0.5435075025
nearest_survey,common_ex_ci,PIP_topadj,2000,0.5352561343,0.5310230025,143,0.5447924272
nearest_survey,common_ex_ci,PIP_topadj,2001,0.5354215999,0.5331664547,148,0.5533002525
nearest_survey,common_ex_ci,PIP_topadj,2002,0.5337753206,0.5279030503,148,0.5532897387
nearest_survey,common_ex_ci,PIP_topadj,2003,0.5354701302,0.5257897952,150,0.5743432704
nearest_survey,common_ex_ci,PIP_topadj,2004,0.5343595324,0.5267875035,151,0.580643564
nearest_survey,common_ex_ci,PIP_topadj,2005,0.5315346045,0.5289016635,152,0.5811661245
nearest_survey,common_ex_ci,PIP_topadj,2006,0.5284199873,0.5273220063,155,0.5893781936
nearest_survey,common_ex_ci,PIP_topadj,2007,0.5280852935,0.5239400612,156,0.5901393418
nearest_survey,common_ex_ci,PIP_topadj,2008,0.5234440966,0.5230309629,156,0.5916126558
nearest_survey,common_ex_ci,PIP_topadj,2009,0.5189046112,0.5198838896,155,0.5883618561
nearest_survey,common_ex_ci,PIP_topadj,2010,0.5164868549,0.5201887069,156,0.5956941893
nearest_survey,common_ex_ci,PIP_topadj,2011,0.5143587931,0.5219082056,155,0.5949377389
nearest_survey,common_ex_ci,PIP_topadj,2012,0.5134717213,0.5215406596,156,0.5923241403
nearest_survey,common_ex_ci,PIP_topadj,2013,0.5146525585,0.5209603916,159,0.5934602187
nearest_survey,common_ex_ci,PIP_topadj,2014,0.5143336798,0.5225969988,160,0.5936433539
nearest_survey,common_ex_ci,PIP_topadj,2015,0.5109307506,0.5227571508,158,0.5908045223
nearest_survey,common_ex_ci,PIP_topadj,2016,0.5074323472,0.5198641551,157,0.5915198878
nearest_survey,common_ex_ci,PIP_topadj,2017,0.5041594438,0.5174518351,159,0.5928694243
nearest_survey,common_ex_ci,PIP_topadj,2018,0.5024145621,0.5200567063,156,0.592572684
nearest_survey,common_ex_ci,PIP_topadj,2019,0.4978206141,0.5158800341,153,0.5892436834
nearest_survey,common_ex_ci,PIP_topadj,2020,0.4932968328,0.5086532026,149,0.5790427342
nearest_survey,common_ex_ci,PIP_topadj,2021,0.4886126173,0.5079517897,145,0.5795460821
nearest_survey,common_ex_ci,PIP_topadj,2022,0.4825127872,0.5077358013,140,0.5744894775
nearest_survey,common_ex_ci,PIP_topadj,2023,0.4796201961,0.5085439855,132,0.5666315742
nearest_survey,common_ex_ci,PIP_topadj,2024,0.475966958,0.5052552391,124,0.5507292808
nearest_survey,common_ex_ci,PIP_topadj_wb,1990,0.5154309719,0.5170996559,96,0.4964427175
nearest_survey,common_ex_ci,PIP_topadj_wb,1991,0.5191003269,0.518773215,103,0.5063657025
nearest_survey,common_ex_ci,PIP_topadj_wb,1992,0.5234776539,0.5200657647,106,0.5102674636
nearest_survey,common_ex_ci,PIP_topadj_wb,1993,0.5260765581,0.5257385995,114,0.5214061915
nearest_survey,common_ex_ci,PIP_topadj_wb,1994,0.5276564303,0.5263492257,116,0.5224547388
nearest_survey,common_ex_ci,PIP_topadj_wb,1995,0.5353188567,0.5385106919,120,0.5259343517
nearest_survey,common_ex_ci,PIP_topadj_wb,1996,0.5366213477,0.5398677349,124,0.5281929859
nearest_survey,common_ex_ci,PIP_topadj_wb,1997,0.5392323515,0.5386419574,129,0.5299660827
nearest_survey,common_ex_ci,PIP_topadj_wb,1998,0.5354570582,0.5318447119,134,0.5345901761
nearest_survey,common_ex_ci,PIP_topadj_wb,1999,0.5345367403,0.5329518253,138,0.5435075025
nearest_survey,common_ex_ci,PIP_topadj_wb,2000,0.5362359252,0.5323369842,143,0.5447924272
nearest_survey,common_ex_ci,PIP_topadj_wb,2001,0.5347342536,0.5335835576,148,0.5533002525
nearest_survey,common_ex_ci,PIP_topadj_wb,2002,0.532123967,0.5267588674,148,0.5532897387
nearest_survey,common_ex_ci,PIP_topadj_wb,2003,0.5333991833,0.5242159249,150,0.5743432704
nearest_survey,common_ex_ci,PIP_topadj_wb,2004,0.5320439904,0.524910077,151,0.580643564
nearest_survey,common_ex_ci,PIP_topadj_wb,2005,0.5303734957,0.5269619995,152,0.5811661245
nearest_survey,common_ex_ci,PIP_topadj_wb,2006,0.5254505354,0.5248624029,155,0.5893781936
nearest_survey,common_ex_ci,PIP_topadj_wb,2007,0.5246390353,0.5208737947,156,0.5901393418
nearest_survey,common_ex_ci,PIP_topadj_wb,2008,0.5194012941,0.5191216028,156,0.5916126558
nearest_survey,common_ex_ci,PIP_topadj_wb,2009,0.5149451955,0.5162202292,155,0.5883618561
nearest_survey,common_ex_ci,PIP_topadj_wb,2010,0.5124376473,0.5154330305,156,0.5956941893
nearest_survey,common_ex_ci,PIP_topadj_wb,2011,0.5103018562,0.5169955724,155,0.5949377389
nearest_survey,common_ex_ci,PIP_topadj_wb,2012,0.5092241892,0.5160092795,156,0.5923241403
nearest_survey,common_ex_ci,PIP_topadj_wb,2013,0.5088934351,0.5153712228,159,0.5934602187
nearest_survey,common_ex_ci,PIP_topadj_wb,2014,0.5084454539,0.516855956,160,0.5936433539
nearest_survey,common_ex_ci,PIP_topadj_wb,2015,0.5043073705,0.516624687,158,0.5908045223
nearest_survey,common_ex_ci,PIP_topadj_wb,2016,0.5012875951,0.5135532847,157,0.5915198878
nearest_survey,common_ex_ci,PIP_topadj_wb,2017,0.4977327919,0.5106962204,159,0.5928694243
nearest_survey,common_ex_ci,PIP_topadj_wb,2018,0.4950399243,0.5128810282,156,0.592572684
nearest_survey,common_ex_ci,PIP_topadj_wb,2019,0.4901617447,0.5085168484,153,0.5892436834
nearest_survey,common_ex_ci,PIP_topadj_wb,2020,0.4858653888,0.5017963695,149,0.5790427342
nearest_survey,common_ex_ci,PIP_topadj_wb,2021,0.4812907492,0.5024385187,145,0.5795460821
nearest_survey,common_ex_ci,PIP_topadj_wb,2022,0.4752617189,0.5028327572,140,0.5744894775
nearest_survey,common_ex_ci,PIP_topadj_wb,2023,0.4718003691,0.5035088237,132,0.5666315742
nearest_survey,common_ex_ci,PIP_topadj_wb,2024,0.4677954218,0.4995365343,124,0.5507292808
nearest_survey,common_ex_ci,WID_posttax_per_capita,1990,0.5106636804,0.5049787855,96,0.4964427175
nearest_survey,common_ex_ci,WID_posttax_per_capita,1991,0.515237703,0.5091783663,103,0.5063657025
nearest_survey,common_ex_ci,WID_posttax_per_capita,1992,0.5213299369,0.5180391197,106,0.5102674636
nearest_survey,common_ex_ci,WID_posttax_per_capita,1993,0.5224363625,0.5192736266,114,0.5214061915
nearest_survey,common_ex_ci,WID_posttax_per_capita,1994,0.5258263737,0.5256271144,116,0.5224547388
nearest_survey,common_ex_ci,WID_posttax_per_capita,1995,0.5311467045,0.5315919578,120,0.5259343517
nearest_survey,common_ex_ci,WID_posttax_per_capita,1996,0.5355116805,0.5365594749,124,0.5281929859
nearest_survey,common_ex_ci,WID_posttax_per_capita,1997,0.5343023821,0.5333785258,129,0.5299660827
nearest_survey,common_ex_ci,WID_posttax_per_capita,1998,0.5301187601,0.5299222438,134,0.5345901761
nearest_survey,common_ex_ci,WID_posttax_per_capita,1999,0.5302200973,0.5313437784,138,0.5435075025
nearest_survey,common_ex_ci,WID_posttax_per_capita,2000,0.5297353556,0.5354866083,143,0.5447924272
nearest_survey,common_ex_ci,WID_posttax_per_capita,2001,0.5278685892,0.5338035622,148,0.5533002525
nearest_survey,common_ex_ci,WID_posttax_per_capita,2002,0.5269877085,0.5329402386,148,0.5532897387
nearest_survey,common_ex_ci,WID_posttax_per_capita,2003,0.5278337162,0.5333228272,150,0.5743432704
nearest_survey,common_ex_ci,WID_posttax_per_capita,2004,0.52742271,0.53325953,151,0.580643564
nearest_survey,common_ex_ci,WID_posttax_per_capita,2005,0.5261032559,0.5342676781,152,0.5811661245
nearest_survey,common_ex_ci,WID_posttax_per_capita,2006,0.5254660898,0.5328064507,155,0.5893781936
nearest_survey,common_ex_ci,WID_posttax_per_capita,2007,0.526981821,0.5332774512,156,0.5901393418
nearest_survey,common_ex_ci,WID_posttax_per_capita,2008,0.5229623275,0.5324559656,156,0.5916126558
nearest_survey,common_ex_ci,WID_posttax_per_capita,2009,0.5186584836,0.5295545677,155,0.5883618561
nearest_survey,common_ex_ci,WID_posttax_per_capita,2010,0.5203854615,0.5284956706,156,0.5956941893
nearest_survey,common_ex_ci,WID_posttax_per_capita,2011,0.5191869034,0.5282753501,155,0.5949377389
nearest_survey,common_ex_ci,WID_posttax_per_capita,2012,0.5190526263,0.5276444197,156,0.5923241403
nearest_survey,common_ex_ci,WID_posttax_per_capita,2013,0.5205003146,0.5256994081,159,0.5934602187
nearest_survey,common_ex_ci,WID_posttax_per_capita,2014,0.5176159204,0.5259770828,160,0.5936433539
nearest_survey,common_ex_ci,WID_posttax_per_capita,2015,0.5156363462,0.526217606,158,0.5908045223
nearest_survey,common_ex_ci,WID_posttax_per_capita,2016,0.5141779145,0.5248249854,157,0.5915198878
nearest_survey,common_ex_ci,WID_posttax_per_capita,2017,0.5143184517,0.5257133758,159,0.5928694243
nearest_survey,common_ex_ci,WID_posttax_per_capita,2018,0.5129002714,0.5292008,156,0.592572684
nearest_survey,common_ex_ci,WID_posttax_per_capita,2019,0.5103631202,0.5269726127,153,0.5892436834
nearest_survey,common_ex_ci,WID_posttax_per_capita,2020,0.5058550083,0.5216627735,149,0.5790427342
nearest_survey,common_ex_ci,WID_posttax_per_capita,2021,0.5039116545,0.523326228,145,0.5795460821
nearest_survey,common_ex_ci,WID_posttax_per_capita,2022,0.5021960443,0.5247624078,140,0.5744894775
nearest_survey,common_ex_ci,WID_posttax_per_capita,2023,0.4999965629,0.5263720038,132,0.5666315742
nearest_survey,common_ex_ci,WID_posttax_per_capita,2024,0.4969291487,0.5251610846,124,0.5507292808
nearest_survey,common_ex_ci,WID_pretax_per_capita,1990,0.5527780574,0.5377253756,96,0.4964427175
nearest_survey,common_ex_ci,WID_pretax_per_capita,1991,0.5570240641,0.5435429952,103,0.5063657025
nearest_survey,common_ex_ci,WID_pretax_per_capita,1992,0.5646724874,0.5555172355,106,0.5102674636
nearest_survey,common_ex_ci,WID_pretax_per_capita,1993,0.5654638353,0.5575661593,114,0.5214061915
nearest_survey,common_ex_ci,WID_pretax_per_capita,1994,0.5691964621,0.5636677548,116,0.5224547388
nearest_survey,common_ex_ci,WID_pretax_per_capita,1995,0.5735915905,0.5703419818,120,0.5259343517
nearest_survey,common_ex_ci,WID_pretax_per_capita,1996,0.5771960936,0.575615836,124,0.5281929859
nearest_survey,common_ex_ci,WID_pretax_per_capita,1997,0.5761118177,0.5727466677,129,0.5299660827
nearest_survey,common_ex_ci,WID_pretax_per_capita,1998,0.572651783,0.5694302106,134,0.5345901761
nearest_survey,common_ex_ci,WID_pretax_per_capita,1999,0.5730342898,0.5704899736,138,0.5435075025
nearest_survey,common_ex_ci,WID_pretax_per_capita,2000,0.5725317273,0.5728449179,143,0.5447924272
nearest_survey,common_ex_ci,WID_pretax_per_capita,2001,0.5710236566,0.5727097848,148,0.5533002525
nearest_survey,common_ex_ci,WID_pretax_per_capita,2002,0.5698396556,0.572344853,148,0.5532897387
nearest_survey,common_ex_ci,WID_pretax_per_capita,2003,0.5711605564,0.5728956342,150,0.5743432704
nearest_survey,common_ex_ci,WID_pretax_per_capita,2004,0.571277253,0.5743609273,151,0.580643564
nearest_survey,common_ex_ci,WID_pretax_per_capita,2005,0.57124471,0.577282631,152,0.5811661245
nearest_survey,common_ex_ci,WID_pretax_per_capita,2006,0.5712246235,0.5774733267,155,0.5893781936
nearest_survey,common_ex_ci,WID_pretax_per_capita,2007,0.5723943546,0.5780731084,156,0.5901393418
nearest_survey,common_ex_ci,WID_pretax_per_capita,2008,0.5694367457,0.5779186086,156,0.5916126558
nearest_survey,common_ex_ci,WID_pretax_per_capita,2009,0.5661198332,0.5747066988,155,0.5883618561
nearest_survey,common_ex_ci,WID_pretax_per_capita,2010,0.566789032,0.5723972192,156,0.5956941893
nearest_survey,common_ex_ci,WID_pretax_per_capita,2011,0.5661919628,0.5729038712,155,0.5949377389
nearest_survey,common_ex_ci,WID_pretax_per_capita,2012,0.566491587,0.5723933825,156,0.5923241403
nearest_survey,common_ex_ci,WID_pretax_per_capita,2013,0.5678905432,0.5710822945,159,0.5934602187
nearest_survey,common_ex_ci,WID_pretax_per_capita,2014,0.5658092226,0.5714436864,160,0.5936433539
nearest_survey,common_ex_ci,WID_pretax_per_capita,2015,0.5638583043,0.572055733,158,0.5908045223
nearest_survey,common_ex_ci,WID_pretax_per_capita,2016,0.5636686723,0.5714056092,157,0.5915198878
nearest_survey,common_ex_ci,WID_pretax_per_capita,2017,0.5635992896,0.5717192426,159,0.5928694243
nearest_survey,common_ex_ci,WID_pretax_per_capita,2018,0.562570628,0.5746685852,156,0.592572684
nearest_survey,common_ex_ci,WID_pretax_per_capita,2019,0.5607316116,0.5727206163,153,0.5892436834
nearest_survey,common_ex_ci,WID_pretax_per_capita,2020,0.5614484747,0.5739877952,149,0.5790427342
nearest_survey,common_ex_ci,WID_pretax_per_capita,2021,0.5574305778,0.5743045858,145,0.5795460821
nearest_survey,common_ex_ci,WID_pretax_per_capita,2022,0.5542744106,0.5735688219,140,0.5744894775
nearest_survey,common_ex_ci,WID_pretax_per_capita,2023,0.5527745337,0.5745679862,132,0.5666315742
nearest_survey,common_ex_ci,WID_pretax_per_capita,2024,0.5506704136,0.5734636832,124,0.5507292808
nearest_survey,own,PIP,1990,0.3979317467,0.3500601272,98,0.8755078369
nearest_survey,own,PIP,1991,0.398336019,0.3508479498,105,0.885746998
nearest_survey,own,PIP,1992,0.4008499972,0.354270218,108,0.8896001946
nearest_survey,own,PIP,1993,0.400986095,0.3578468964,116,0.9006433038
nearest_survey,own,PIP,1994,0.4005002583,0.3574872362,118,0.9014975291
nearest_survey,own,PIP,1995,0.4040302271,0.3659475153,122,0.9047502513
nearest_survey,own,PIP,1996,0.4058208412,0.3666348158,126,0.9067853018
nearest_survey,own,PIP,1997,0.4045514578,0.3646636334,131,0.9082795594
nearest_survey,own,PIP,1998,0.3996994252,0.3702286479,136,0.9125938589
nearest_survey,own,PIP,1999,0.3982198908,0.3728196298,140,0.9211732523
nearest_survey,own,PIP,2000,0.3974980736,0.3698069491,145,0.9221164442
nearest_survey,own,PIP,2001,0.3954911306,0.376420448,150,0.9302616113
nearest_survey,own,PIP,2002,0.3939918764,0.3745224989,150,0.9297222687
nearest_survey,own,PIP,2003,0.3949932591,0.3750235498,152,0.9501156878
nearest_survey,own,PIP,2004,0.3941004979,0.3725153567,153,0.9557380047
nearest_survey,own,PIP,2005,0.3930374913,0.3733712063,154,0.9555424394
nearest_survey,own,PIP,2006,0.3897028691,0.3721637868,157,0.9629472715
nearest_survey,own,PIP,2007,0.3862380582,0.3742469994,158,0.9627458032
nearest_survey,own,PIP,2008,0.3845282648,0.3733441792,158,0.963166972
nearest_survey,own,PIP,2009,0.3823292957,0.3718233177,157,0.9589768922
nearest_survey,own,PIP,2010,0.3803747786,0.3727758825,158,0.9654584308
nearest_survey,own,PIP,2011,0.3782503511,0.3715209662,157,0.9637826245
nearest_survey,own,PIP,2012,0.3781956829,0.3704542603,158,0.9602577744
nearest_survey,own,PIP,2013,0.3768626477,0.3659231307,161,0.960479543
nearest_survey,own,PIP,2014,0.3764408215,0.3650812066,162,0.9596402296
nearest_survey,own,PIP,2015,0.3735249149,0.3634830877,160,0.9556539092
nearest_survey,own,PIP,2016,0.3723041913,0.3627356465,159,0.9552758132
nearest_survey,own,PIP,2017,0.368976124,0.3570446917,161,0.9556281646
nearest_survey,own,PIP,2018,0.3672891846,0.3558145543,158,0.9541806667
nearest_survey,own,PIP,2019,0.363969007,0.3531004784,155,0.9495027883
nearest_survey,own,PIP,2020,0.362317737,0.3474642655,151,0.9378961709
nearest_survey,own,PIP,2021,0.3576306859,0.3451816703,147,0.9368576244
nearest_survey,own,PIP,2022,0.3545737802,0.3460932256,142,0.930063273
nearest_survey,own,PIP,2023,0.3525136533,0.3461264553,134,0.920359542
nearest_survey,own,PIP,2024,0.350423248,0.3438834524,126,0.9025910072
nearest_survey,own,PIP_consinc,1990,0.4504652378,0.4397262933,98,0.8755078369
nearest_survey,own,PIP_consinc,1991,0.4537260412,0.4408720675,105,0.885746998
nearest_survey,own,PIP_consinc,1992,0.4567828392,0.4436422638,108,0.8896001946
nearest_survey,own,PIP_consinc,1993,0.4605087686,0.4483952462,116,0.9006433038
nearest_survey,own,PIP_consinc,1994,0.4622156783,0.4487484905,118,0.9014975291
nearest_survey,own,PIP_consinc,1995,0.4698232553,0.4565650669,122,0.9047502513
nearest_survey,own,PIP_consinc,1996,0.4717081,0.457720823,126,0.9067853018
nearest_survey,own,PIP_consinc,1997,0.4752019845,0.4566103787,131,0.9082795594
nearest_survey,own,PIP_consinc,1998,0.4730905396,0.4605556611,136,0.9125938589
nearest_survey,own,PIP_consinc,1999,0.4719605049,0.4640762509,140,0.9211732523
nearest_survey,own,PIP_consinc,2000,0.4732951078,0.4614558404,145,0.9221164442
nearest_survey,own,PIP_consinc,2001,0.4735541422,0.4676237246,150,0.9302616113
nearest_survey,own,PIP_consinc,2002,0.4723626326,0.4659966864,150,0.9297222687
nearest_survey,own,PIP_consinc,2003,0.4729586846,0.4644005378,152,0.9501156878
nearest_survey,own,PIP_consinc,2004,0.4720440527,0.4623500617,153,0.9557380047
nearest_survey,own,PIP_consinc,2005,0.4689208036,0.4630880417,154,0.9555424394
nearest_survey,own,PIP_consinc,2006,0.4663933891,0.4621373361,157,0.9629472715
nearest_survey,own,PIP_consinc,2007,0.4654667266,0.4641843415,158,0.9627458032
nearest_survey,own,PIP_consinc,2008,0.4616327721,0.4630098064,158,0.963166972
nearest_survey,own,PIP_consinc,2009,0.4577807895,0.4614193754,157,0.9589768922
nearest_survey,own,PIP_consinc,2010,0.4538208951,0.4624115073,158,0.9654584308
nearest_survey,own,PIP_consinc,2011,0.4506780996,0.4615625609,157,0.9637826245
nearest_survey,own,PIP_consinc,2012,0.4501054399,0.4608572265,158,0.9602577744
nearest_survey,own,PIP_consinc,2013,0.4502699723,0.4574377708,161,0.960479543
nearest_survey,own,PIP_consinc,2014,0.4487542161,0.4562156974,162,0.9596402296
nearest_survey,own,PIP_consinc,2015,0.445670376,0.4551747452,160,0.9556539092
nearest_survey,own,PIP_consinc,2016,0.4432243431,0.4540023036,159,0.9552758132
nearest_survey,own,PIP_consinc,2017,0.4399603755,0.4478740372,161,0.9556281646
nearest_survey,own,PIP_consinc,2018,0.4383278326,0.4472442918,158,0.9541806667
nearest_survey,own,PIP_consinc,2019,0.4343691006,0.4450106648,155,0.9495027883
nearest_survey,own,PIP_consinc,2020,0.4300204837,0.4382305358,151,0.9378961709
nearest_survey,own,PIP_consinc,2021,0.4237779767,0.4338809481,147,0.9368576244
nearest_survey,own,PIP_consinc,2022,0.4185662072,0.4342777411,142,0.930063273
nearest_survey,own,PIP_consinc,2023,0.4154085233,0.4344198627,134,0.920359542
nearest_survey,own,PIP_consinc,2024,0.4119546932,0.4320119592,126,0.9025910072
nearest_survey,own,PIP_consinc_wb,1990,0.4557701244,0.4492139912,98,0.8755078369
nearest_survey,own,PIP_consinc_wb,1991,0.4584855147,0.4502582839,105,0.885746998
nearest_survey,own,PIP_consinc_wb,1992,0.4618056451,0.4534747291,108,0.8896001946
nearest_survey,own,PIP_consinc_wb,1993,0.4646429346,0.457557111,116,0.9006433038
nearest_survey,own,PIP_consinc_wb,1994,0.464923292,0.4568225336,118,0.9014975291
nearest_survey,own,PIP_consinc_wb,1995,0.4723207901,0.4648745384,122,0.9047502513
nearest_survey,own,PIP_consinc_wb,1996,0.4734743417,0.4655077116,126,0.9067853018
nearest_survey,own,PIP_consinc_wb,1997,0.4758101595,0.4638724391,131,0.9082795594
nearest_survey,own,PIP_consinc_wb,1998,0.4736781876,0.4683095112,136,0.9125938589
nearest_survey,own,PIP_consinc_wb,1999,0.473075031,0.4714293062,140,0.9211732523
nearest_survey,own,PIP_consinc_wb,2000,0.4748417196,0.4687351146,145,0.9221164442
nearest_survey,own,PIP_consinc_wb,2001,0.4732982997,0.4732501222,150,0.9302616113
nearest_survey,own,PIP_consinc_wb,2002,0.4710298988,0.4704886818,150,0.9297222687
nearest_survey,own,PIP_consinc_wb,2003,0.4714009638,0.4684243299,152,0.9501156878
nearest_survey,own,PIP_consinc_wb,2004,0.4702655386,0.463125031,153,0.9557380047
nearest_survey,own,PIP_consinc_wb,2005,0.4678741823,0.4637174657,154,0.9555424394
nearest_survey,own,PIP_consinc_wb,2006,0.4636377121,0.4623544595,157,0.9629472715
nearest_survey,own,PIP_consinc_wb,2007,0.4610505858,0.4612839295,158,0.9627458032
nearest_survey,own,PIP_consinc_wb,2008,0.4565117588,0.4594867085,158,0.963166972
nearest_survey,own,PIP_consinc_wb,2009,0.45300399,0.458125447,157,0.9589768922
nearest_survey,own,PIP_consinc_wb,2010,0.4492766769,0.4574341899,158,0.9654584308
nearest_survey,own,PIP_consinc_wb,2011,0.4459597822,0.4543651743,157,0.9637826245
nearest_survey,own,PIP_consinc_wb,2012,0.4451223554,0.4523878953,158,0.9602577744
nearest_survey,own,PIP_consinc_wb,2013,0.4433969798,0.4463188974,161,0.960479543
nearest_survey,own,PIP_consinc_wb,2014,0.4416602306,0.4441935462,162,0.9596402296
nearest_survey,own,PIP_consinc_wb,2015,0.437704814,0.4419070409,160,0.9556539092
nearest_survey,own,PIP_consinc_wb,2016,0.4358405252,0.4400575142,159,0.9552758132
nearest_survey,own,PIP_consinc_wb,2017,0.4320003704,0.4288657605,161,0.9556281646
nearest_survey,own,PIP_consinc_wb,2018,0.4291274308,0.4271695066,158,0.9541806667
nearest_survey,own,PIP_consinc_wb,2019,0.4247926379,0.4240123134,155,0.9495027883
nearest_survey,own,PIP_consinc_wb,2020,0.4206442338,0.4167047187,151,0.9378961709
nearest_survey,own,PIP_consinc_wb,2021,0.4145691295,0.4123096716,147,0.9368576244
nearest_survey,own,PIP_consinc_wb,2022,0.4089579394,0.4132475921,142,0.930063273
nearest_survey,own,PIP_consinc_wb,2023,0.4055536439,0.4133024547,134,0.920359542
nearest_survey,own,PIP_consinc_wb,2024,0.4016438694,0.4101629074,126,0.9025910072
nearest_survey,own,PIP_topadj,1990,0.5104183731,0.4924568295,98,0.8755078369
nearest_survey,own,PIP_topadj,1991,0.5145273985,0.4936378648,105,0.885746998
nearest_survey,own,PIP_topadj,1992,0.518982502,0.4989029356,108,0.8896001946
nearest_survey,own,PIP_topadj,1993,0.5224133872,0.5028581127,116,0.9006433038
nearest_survey,own,PIP_topadj,1994,0.5251328075,0.5040469009,118,0.9014975291
nearest_survey,own,PIP_topadj,1995,0.532517968,0.51350594,122,0.9047502513
nearest_survey,own,PIP_topadj,1996,0.5342019527,0.5146908598,126,0.9067853018
nearest_survey,own,PIP_topadj,1997,0.5379172881,0.5144199872,131,0.9082795594
nearest_survey,own,PIP_topadj,1998,0.5343219624,0.5166984518,136,0.9125938589
nearest_survey,own,PIP_topadj,1999,0.5333006518,0.5270579248,140,0.9211732523
nearest_survey,own,PIP_topadj,2000,0.5350424923,0.5269993476,145,0.9221164442
nearest_survey,own,PIP_topadj,2001,0.5354358577,0.5356313822,150,0.9302616113
nearest_survey,own,PIP_topadj,2002,0.5338115287,0.5324204519,150,0.9297222687
nearest_survey,own,PIP_topadj,2003,0.5354835618,0.5309656306,152,0.9501156878
nearest_survey,own,PIP_topadj,2004,0.5343866462,0.531437316,153,0.9557380047
nearest_survey,own,PIP_topadj,2005,0.5315982297,0.5326506372,154,0.9555424394
nearest_survey,own,PIP_topadj,2006,0.5285220733,0.5315874199,157,0.9629472715
nearest_survey,own,PIP_topadj,2007,0.5283848045,0.5354150447,158,0.9627458032
nearest_survey,own,PIP_topadj,2008,0.523802357,0.534764014,158,0.963166972
nearest_survey,own,PIP_topadj,2009,0.5193229813,0.5328020207,157,0.9589768922
nearest_survey,own,PIP_topadj,2010,0.5169757507,0.5341641566,158,0.9654584308
nearest_survey,own,PIP_topadj,2011,0.5148344391,0.5337012371,157,0.9637826245
nearest_survey,own,PIP_topadj,2012,0.5139128223,0.5321136115,158,0.9602577744
nearest_survey,own,PIP_topadj,2013,0.5149669707,0.5284049294,161,0.960479543
nearest_survey,own,PIP_topadj,2014,0.5146117358,0.5281670317,162,0.9596402296
nearest_survey,own,PIP_topadj,2015,0.5112331398,0.5275788292,160,0.9556539092
nearest_survey,own,PIP_topadj,2016,0.5077711201,0.5254676871,159,0.9552758132
nearest_survey,own,PIP_topadj,2017,0.5045150649,0.5234258462,161,0.9556281646
nearest_survey,own,PIP_topadj,2018,0.5027559845,0.5236995096,158,0.9541806667
nearest_survey,own,PIP_topadj,2019,0.4982161532,0.5207371965,155,0.9495027883
nearest_survey,own,PIP_topadj,2020,0.4937574636,0.5161363583,151,0.9378961709
nearest_survey,own,PIP_topadj,2021,0.489077029,0.5136128221,147,0.9368576244
nearest_survey,own,PIP_topadj,2022,0.4830912001,0.5137928681,142,0.930063273
nearest_survey,own,PIP_topadj,2023,0.4802763141,0.5142980305,134,0.920359542
nearest_survey,own,PIP_topadj,2024,0.4767227223,0.5123475498,126,0.9025910072
nearest_survey,own,PIP_topadj_wb,1990,0.5146126381,0.5007375291,98,0.8755078369
nearest_survey,own,PIP_topadj_wb,1991,0.5182666563,0.501829812,105,0.885746998
nearest_survey,own,PIP_topadj_wb,1992,0.5227684425,0.5073565245,108,0.8896001946
nearest_survey,own,PIP_topadj_wb,1993,0.5253714491,0.5107193997,116,0.9006433038
nearest_survey,own,PIP_topadj_wb,1994,0.5269364948,0.5110116803,118,0.9014975291
nearest_survey,own,PIP_topadj_wb,1995,0.5345946716,0.5208546752,122,0.9047502513
nearest_survey,own,PIP_topadj_wb,1996,0.5358994782,0.5215949473,126,0.9067853018
nearest_survey,own,PIP_topadj_wb,1997,0.5384981716,0.5208207881,131,0.9082795594
nearest_survey,own,PIP_topadj_wb,1998,0.5350317495,0.5238623958,136,0.9125938589
nearest_survey,own,PIP_topadj_wb,1999,0.5344981869,0.5338298523,140,0.9211732523
nearest_survey,own,PIP_topadj_wb,2000,0.5361752641,0.5333872522,145,0.9221164442
nearest_survey,own,PIP_topadj_wb,2001,0.5348910277,0.5404846285,150,0.9302616113
nearest_survey,own,PIP_topadj_wb,2002,0.5323155449,0.5363030583,150,0.9297222687
nearest_survey,own,PIP_topadj_wb,2003,0.5335714613,0.5344360682,152,0.9501156878
nearest_survey,own,PIP_topadj_wb,2004,0.5321506547,0.5320374478,153,0.9557380047
nearest_survey,own,PIP_topadj_wb,2005,0.5305011621,0.5331891643,154,0.9555424394
nearest_survey,own,PIP_topadj_wb,2006,0.5256384752,0.5317653654,157,0.9629472715
nearest_survey,own,PIP_topadj_wb,2007,0.5249742908,0.5334916625,158,0.9627458032
nearest_survey,own,PIP_topadj_wb,2008,0.5198028503,0.5323037872,158,0.963166972
nearest_survey,own,PIP_topadj_wb,2009,0.5154060749,0.5304806441,157,0.9589768922
nearest_survey,own,PIP_topadj_wb,2010,0.5129381113,0.5301402296,158,0.9654584308
nearest_survey,own,PIP_topadj_wb,2011,0.5107337745,0.5278734804,157,0.9637826245
nearest_survey,own,PIP_topadj_wb,2012,0.509601717,0.5251910354,158,0.9602577744
nearest_survey,own,PIP_topadj_wb,2013,0.509092881,0.5191833854,161,0.960479543
nearest_survey,own,PIP_topadj_wb,2014,0.508589163,0.5181728908,162,0.9596402296
nearest_survey,own,PIP_topadj_wb,2015,0.5044559787,0.5164998724,160,0.9556539092
nearest_survey,own,PIP_topadj_wb,2016,0.5014492272,0.5137924324,159,0.9552758132
nearest_survey,own,PIP_topadj_wb,2017,0.4977992542,0.5079674904,161,0.9556281646
nearest_survey,own,PIP_topadj_wb,2018,0.4950783788,0.5073753586,158,0.9541806667
nearest_survey,own,PIP_topadj_wb,2019,0.4902291549,0.5036029349,155,0.9495027883
nearest_survey,own,PIP_topadj_wb,2020,0.4859669118,0.4986743221,151,0.9378961709
nearest_survey,own,PIP_topadj_wb,2021,0.4813479629,0.4959845521,147,0.9368576244
nearest_survey,own,PIP_topadj_wb,2022,0.4754247666,0.4967176219,142,0.930063273
nearest_survey,own,PIP_topadj_wb,2023,0.472024813,0.4970889615,134,0.920359542
nearest_survey,own,PIP_topadj_wb,2024,0.4680976867,0.4945600405,126,0.9025910072
nearest_survey,own,WID_posttax_per_capita,1990,0.5188936991,0.4814655535,211,1
nearest_survey,own,WID_posttax_per_capita,1991,0.5222318719,0.487361164,211,1
nearest_survey,own,WID_posttax_per_capita,1992,0.5246220047,0.4949929813,211,1
nearest_survey,own,WID_posttax_per_capita,1993,0.5277172505,0.5018335671,211,1
nearest_survey,own,WID_posttax_per_capita,1994,0.5303510732,0.5087364216,211,1
nearest_survey,own,WID_posttax_per_capita,1995,0.5321876081,0.5100045423,211,1
nearest_survey,own,WID_posttax_per_capita,1996,0.5334634594,0.5114733358,211,1
nearest_survey,own,WID_posttax_per_capita,1997,0.5337460495,0.5111136444,211,1
nearest_survey,own,WID_posttax_per_capita,1998,0.5338578736,0.5111155829,211,1
nearest_survey,own,WID_posttax_per_capita,1999,0.5324882258,0.5135129963,211,1
nearest_survey,own,WID_posttax_per_capita,2000,0.5336322311,0.5196751224,211,1
nearest_survey,own,WID_posttax_per_capita,2001,0.5349018856,0.5215243193,211,1
nearest_survey,own,WID_posttax_per_capita,2002,0.5348312723,0.5283758386,211,1
nearest_survey,own,WID_posttax_per_capita,2003,0.5348941314,0.5330131539,211,1
nearest_survey,own,WID_posttax_per_capita,2004,0.5353530543,0.5343535235,211,1
nearest_survey,own,WID_posttax_per_capita,2005,0.5358003995,0.5382414011,211,1
nearest_survey,own,WID_posttax_per_capita,2006,0.5344534117,0.5385874253,211,1
nearest_survey,own,WID_posttax_per_capita,2007,0.5363211812,0.5406214441,211,1
nearest_survey,own,WID_posttax_per_capita,2008,0.5323141877,0.5404445712,211,1
nearest_survey,own,WID_posttax_per_capita,2009,0.5284917137,0.5406412183,211,1
nearest_survey,own,WID_posttax_per_capita,2010,0.5305717588,0.5425602564,211,1
nearest_survey,own,WID_posttax_per_capita,2011,0.5272388135,0.5428152513,211,1
nearest_survey,own,WID_posttax_per_capita,2012,0.5253655758,0.5410174642,211,1
nearest_survey,own,WID_posttax_per_capita,2013,0.525122955,0.5413127901,211,1
nearest_survey,own,WID_posttax_per_capita,2014,0.5227577894,0.5407653457,211,1
nearest_survey,own,WID_posttax_per_capita,2015,0.5213504986,0.54213986,211,1
nearest_survey,own,WID_posttax_per_capita,2016,0.5194352045,0.5432541254,211,1
nearest_survey,own,WID_posttax_per_capita,2017,0.5187953003,0.545819635,211,1
nearest_survey,own,WID_posttax_per_capita,2018,0.5175180865,0.5454145155,211,1
nearest_survey,own,WID_posttax_per_capita,2019,0.5151164055,0.543026054,211,1
nearest_survey,own,WID_posttax_per_capita,2020,0.5132582371,0.5401782806,211,1
nearest_survey,own,WID_posttax_per_capita,2021,0.5135310463,0.541639994,211,1
nearest_survey,own,WID_posttax_per_capita,2022,0.5142938975,0.5443400469,211,1
nearest_survey,own,WID_posttax_per_capita,2023,0.5145400556,0.5457164784,211,1
nearest_survey,own,WID_posttax_per_capita,2024,0.51515404,0.5465718843,211,1
nearest_survey,own,WID_pretax_per_capita,1990,0.5550460465,0.5035211553,211,1
nearest_survey,own,WID_pretax_per_capita,1991,0.5588231673,0.5101284494,211,1
nearest_survey,own,WID_pretax_per_capita,1992,0.5622946185,0.51919453,211,1
nearest_survey,own,WID_pretax_per_capita,1993,0.5657845989,0.5265204448,211,1
nearest_survey,own,WID_pretax_per_capita,1994,0.5688092336,0.5331263677,211,1
nearest_survey,own,WID_pretax_per_capita,1995,0.5710001521,0.5353208535,211,1
nearest_survey,own,WID_pretax_per_capita,1996,0.5725117217,0.5367282903,211,1
nearest_survey,own,WID_pretax_per_capita,1997,0.5731152167,0.5363617185,211,1
nearest_survey,own,WID_pretax_per_capita,1998,0.5736934389,0.5359131556,211,1
nearest_survey,own,WID_pretax_per_capita,1999,0.5729095293,0.5386943653,211,1
nearest_survey,own,WID_pretax_per_capita,2000,0.5743162663,0.5445470836,211,1
nearest_survey,own,WID_pretax_per_capita,2001,0.5760880575,0.5493782572,211,1
nearest_survey,own,WID_pretax_per_capita,2002,0.5760357576,0.5566995426,211,1
nearest_survey,own,WID_pretax_per_capita,2003,0.5765585422,0.5609896515,211,1
nearest_survey,own,WID_pretax_per_capita,2004,0.5774915671,0.5642284392,211,1
nearest_survey,own,WID_pretax_per_capita,2005,0.5787084173,0.5699184999,211,1
nearest_survey,own,WID_pretax_per_capita,2006,0.5781502555,0.571769503,211,1
nearest_survey,own,WID_pretax_per_capita,2007,0.5796902201,0.5747046797,211,1
nearest_survey,own,WID_pretax_per_capita,2008,0.5767885526,0.5762013027,211,1
nearest_survey,own,WID_pretax_per_capita,2009,0.5741381502,0.5762433437,211,1
nearest_survey,own,WID_pretax_per_capita,2010,0.5752787543,0.5772862629,211,1
nearest_survey,own,WID_pretax_per_capita,2011,0.572675791,0.5790874086,211,1
nearest_survey,own,WID_pretax_per_capita,2012,0.5711991312,0.5778354941,211,1
nearest_survey,own,WID_pretax_per_capita,2013,0.5710677724,0.5789931489,211,1
nearest_survey,own,WID_pretax_per_capita,2014,0.5694207271,0.578996157,211,1
nearest_survey,own,WID_pretax_per_capita,2015,0.5680027666,0.5805411129,211,1
nearest_survey,own,WID_pretax_per_capita,2016,0.5669137348,0.581875885,211,1
nearest_survey,own,WID_pretax_per_capita,2017,0.566374765,0.5842663243,211,1
nearest_survey,own,WID_pretax_per_capita,2018,0.5654899272,0.5842384878,211,1
nearest_survey,own,WID_pretax_per_capita,2019,0.5639315015,0.5822012733,211,1
nearest_survey,own,WID_pretax_per_capita,2020,0.5658876433,0.5831299824,211,1
nearest_survey,own,WID_pretax_per_capita,2021,0.5646055591,0.5836394912,211,1
nearest_survey,own,WID_pretax_per_capita,2022,0.5633283376,0.5851307913,211,1
nearest_survey,own,WID_pretax_per_capita,2023,0.5633677996,0.5855502468,211,1
nearest_survey,own,WID_pretax_per_capita,2024,0.5634465209,0.5856902215,211,1
